ID,NAME,LAT,LONG,STATE,POPULATION,OCEAN
1771,Houghton,-88.5625,47.117222,MI,7708,False
182,Joliet,-88.0834,41.52519,IL,147861,False
1012,Leominster,-71.75979,42.52509,MA,41569,False
184,Boise,-116.20345,43.6135,ID,145987,False
55,Wichita,-97.33754,37.69224,KS,389965,False
1009,Cupertino,-122.03218,37.323,CA,60572,False
1002,Burlington,-73.21207,44.47588,VT,42452,False
201,Beaumont,-94.10185,30.08605,TX,118129,False
1013,Moscow,-117.00017,46.73239,ID,25060,False
1017,Fairfax,-77.30637,38.84622,VA,24013,False
187,Syracuse,-76.14742,43.04812,NY,145170,False
102,Paradise,-115.14666,36.09719,NV,223167,False
1014,Mankato,-94.00915,44.15906,MN,41044,False
172,Springfield,-72.58981,42.10148,MA,154341,False
39,Fresno,-119.77237,36.74773,CA,520052,False
1011,New Braunfels,-98.12445,29.703,TX,70543,False
379,Pennsville,-75.51659,39.65345,NJ,11888,False
178,Pomona,-117.75228,34.05529,CA,153266,False
215,Folsom,-121.17606,38.67796,CA,72203,False
43,Kansas City,-94.57857,39.09973,MO,475378,False
41,Sacramento,-121.4944,38.58157,CA,466488,False
760,Lake Placid,-81.36285,27.2931,FL,2223,False
61,Anaheim,-117.9145,33.83529,CA,350742,False
1005,Williamstown,-73.20372,42.71202,MA,4325,False
211,Troy,-83.14993,42.60559,MI,80980,False
90,Chandler,-111.84125,33.30616,AZ,260828,False
177,Salinas,-121.6555,36.67774,CA,150441,False
339,La Grange,-87.86923,41.80503,IL,15550,False
129,Moreno Valley,-117.23059,33.93752,CA,193365,False
19,Columbus,-82.99879,39.96118,OH,850106,False
183,Paterson,-74.17181,40.91677,NJ,147754,False
1007,Glendora,-117.86534,34.13612,CA,52009,False
164,Lancaster,-118.13674,34.69804,CA,156633,False
1004,Union,-80.62118,34.71571,SC,0,False
1001,Allen,-96.67055,33.10317,TX,98143,False
44,Mesa,-111.82264,33.42227,AZ,471825,False
89,Orlando,-81.37924,28.53834,FL,270934,False
49,Raleigh,-78.63861,35.7721,NC,403892,False
100,Reno,-119.8138,39.52963,NV,241445,False
1003,South San Francisco,-122.40775,37.65466,CA,67271,True
125,Fontana,-117.43505,34.09223,CA,196069,False
105,North Las Vegas,-115.1175,36.19886,NV,216961,False
1006,Erie County,-78.77966,42.75824,NY,919040,False
1008,Duncanville,-96.90834,32.6518,TX,39826,False
48,Omaha,-95.93779,41.25861,NE,408958,False
91,Laredo,-99.50754,27.50641,TX,255473,False
104,Scottsdale,-111.89903,33.50921,AZ,236839,False
272,Atascadero,-120.67073,35.48942,CA,29819,False
1025,Bellingham,-122.48822,48.75955,WA,85146,False
1026,Alameda County,-121.91789,37.65055,CA,1510271,False
226,West Des Moines,-93.71133,41.57721,IA,64113,False
1021,Walnut Creek,-122.06496,37.90631,CA,68910,False
251,Goldsboro,-77.99277,35.38488,NC,35826,False
255,Columbia,-87.03528,35.61507,TN,34681,False
51,Cleveland,-81.69541,41.4995,OH,388072,False
233,Aloha,-122.86705,45.49428,OR,49425,False
52,Tulsa,-95.99277,36.15398,OK,391906,False
259,Elk Grove Village,-87.97035,42.00392,IL,33127,False
240,Attleboro,-71.28561,41.94454,MA,43593,False
234,Monroe,-92.1193,32.50931,LA,49598,False
256,Butte,-112.53474,46.00382,MT,34190,False
238,Ankeny,-93.60577,41.72971,IA,45582,False
1022,Mesquite,-96.59916,32.7668,TX,144788,False
253,Ocoee,-81.54396,28.56917,FL,35579,False
9,Phoenix,-112.07404,33.44838,AZ,1445632,False
11,San Antonio,-98.49363,29.42412,TX,1469845,False
1027,Burkittsville,-77.62888,39.39371,MD,155,False
270,Burbank,-87.7795,41.73392,IL,28925,False
241,Lincoln,-121.29301,38.89156,CA,42819,False
237,Wauwatosa,-88.00759,43.04946,WI,47614,False
236,Middletown,-72.65065,41.56232,CT,46756,False
267,Niles,-87.80284,42.01892,IL,29803,False
229,Santee,-116.97392,32.83838,CA,53413,False
1028,Lynchburg,-79.14225,37.41375,VA,79812,False
266,Brooklyn Center,-93.33273,45.07608,MN,30104,False
261,McMinnville,-123.19872,45.21012,OR,32187,False
258,Olive Branch,-89.82953,34.96176,MS,33484,False
219,Goodyear,-112.35821,33.43532,AZ,79003,False
247,Riverton,-111.9391,40.52189,UT,38753,False
235,Logan,-111.83439,41.73549,UT,48174,False
246,Bullhead City,-114.5683,35.14778,AZ,39540,False
228,Corvallis,-123.26204,44.56457,OR,55780,False
239,Palm Springs,-116.54529,33.8303,CA,47371,False
242,Southglenn,-104.95276,39.58721,CO,42268,False
1023,Pulaski,-76.1277,43.56701,NY,2310,False
1020,Gaithersburg,-77.20137,39.14344,MD,67456,False
230,Manhattan,-96.57167,39.18361,KS,52281,False
244,Oro Valley,-110.96649,32.39091,AZ,41011,False
257,North Providence,-71.46617,41.8501,RI,33835,False
260,Mount Lebanon,-80.0495,40.35535,PA,32730,False
1019,Erie County,-80.09811,42.11748,PA,280566,False
265,North Royalton,-81.72457,41.31366,OH,30444,False
293,Greenbelt,-76.87553,39.00455,MD,24272,False
24,Memphis,-90.04898,35.14953,TN,655770,False
1035,Los Angeles County,-118.26102,34.19801,CA,9818605,False
1031,Hurst,-97.17057,32.82346,TX,39016,False
1040,Willits,-123.35557,39.40961,CA,4861,False
276,DeLand,-81.30312,29.02832,FL,27031,False
1030,Fort Smith,-94.39855,35.38592,AR,88194,False
278,Barberton,-81.60512,41.01283,OH,26550,False
13,Dallas,-96.80667,32.78306,TX,1300092,False
369,Worthington,-95.5964,43.61996,MN,12764,False
300,Geneva,-88.30535,41.88753,IL,21495,False
319,Mandan,-100.88958,46.82666,ND,18331,False
298,South Elgin,-88.2923,41.99419,IL,21985,False
341,Suwanee,-84.0713,34.05149,GA,15355,False
304,Farragut,-84.15353,35.88452,TN,20676,False
282,Neenah,-88.46261,44.18582,WI,25501,False
323,Dickinson,-102.78962,46.87918,ND,17787,False
243,Altamonte Springs,-81.36562,28.66111,FL,41496,False
318,Vincennes,-87.52863,38.67727,IN,18423,False
302,Saint Andrews,-81.12926,34.04543,SC,21151,False
303,Cumberland,-78.76252,39.65287,MD,20859,False
322,Clarksdale,-90.57093,34.20011,MS,17962,False
1042,Chevy Chase,-77.07115,39.00287,MD,9545,False
1505,Wilton,-73.4379,41.19537,CT,18062,True
325,Saint Matthews,-85.65579,38.25285,KY,17472,False
1039,Brighton,-104.82053,39.98526,CO,37585,False
1037,Gilroy,-121.56828,37.00578,CA,53231,False
289,Vicksburg,-90.87788,32.35265,MS,23131,False
316,Chowchilla,-120.26018,37.123,CA,18720,False
281,Hazelwood,-90.37095,38.77144,MO,25703,False
301,North Augusta,-81.96512,33.5018,SC,21348,False
286,Lafayette,-105.08971,39.9936,CO,27729,False
299,Clarksville,-85.75996,38.29674,IN,21724,False
297,Derby,-97.26893,37.54557,KS,22158,False
324,Bay City,-95.9694,28.98276,TX,17598,False
288,Ridgeland,-90.13231,32.42848,MS,24047,False
292,Morton Grove,-87.78256,42.04059,IL,23270,False
754,Lebanon South,-76.40644,40.32804,PA,2270,False
280,Batavia,-88.31257,41.85003,IL,26045,False
283,Fort Dodge,-94.16802,42.49747,IA,25206,False
317,Glassboro,-75.11184,39.70289,NJ,18579,False
290,Ramsey,-93.45,45.2611,MN,23668,False
320,Simpsonville,-82.25428,34.73706,SC,18238,False
309,Greenfield,-72.59953,42.58759,MA,19753,False
1034,South Lake Tahoe,-119.98435,38.93324,CA,21706,False
312,Alsip,-87.73866,41.66892,IL,19277,False
1036,East Chicago,-87.45476,41.6392,IN,28699,False
1043,Big Stone Gap,-82.7471,36.88176,VA,5614,False
54,Minneapolis,-93.26384,44.97997,MN,410939,False
30,Denver,-104.9847,39.73915,CO,682545,False
1048,McAllen,-98.23001,26.20341,TX,140269,False
273,Nicholasville,-84.573,37.88063,KY,28015,False
434,Highland Park,-96.79195,32.83346,TX,8564,False
367,College,-147.80278,64.85694,AK,12964,False
1049,Ada County,-116.24109,43.45112,ID,392365,False
337,Madison,-74.4171,40.75982,NJ,15845,False
349,Jacksonville,-95.2705,31.96378,TX,14544,False
330,Horizon City,-106.20748,31.69261,TX,16735,False
25,New South Memphis,-90.05676,35.08676,TN,641608,False
328,Broad Ripple,-86.14165,39.86671,IN,17041,False
1044,Natchez,-91.40317,31.56044,MS,15128,False
366,Lockhart,-81.44257,28.61944,FL,13060,False
357,Fort Carson,-104.78886,38.73749,CO,13813,False
1050,New Kent County,-76.99713,37.50514,VA,18429,False
418,Valencia West,-111.11414,32.13238,AZ,9355,False
46,Atlanta,-84.38798,33.749,GA,463878,False
374,Lake Los Angeles,-117.82812,34.61249,CA,12328,False
595,Caldwell,-96.69303,30.53132,TX,4104,False
350,Lindenhurst,-88.02619,42.41058,IL,14462,False
342,Mitchell,-98.0298,43.70943,SD,15254,False
38,Tucson,-110.92648,32.22174,AZ,520116,False
364,Carriere,-89.65256,30.61686,MS,13198,False
1046,Manchester,-71.45479,42.99564,NH,110229,False
351,Pottsville,-76.1955,40.68565,PA,14324,False
393,Seymour,-83.72462,35.89064,TN,10919,False
334,Dublin,-82.90375,32.54044,GA,16201,False
332,Frankfort,-86.51084,40.27948,IN,16422,False
380,Schiller Park,-87.8709,41.95586,IL,11793,False
378,Maryville,-94.87247,40.3461,MO,11972,False
340,Sulphur Springs,-95.60107,33.13845,TX,15449,False
360,Berea,-84.29632,37.56869,KY,14882,False
352,Gantt,-82.42429,34.80012,SC,14229,False
346,Deming,-107.75864,32.2687,NM,14855,False
373,Four Corners,-95.65772,29.66857,TX,12382,False
424,Lake Lucerne,-80.24144,25.96509,FL,9044,False
1045,Bowling Green,-86.4436,36.99032,KY,63616,False
331,Easthampton,-72.66898,42.26676,MA,16611,False
377,Freehold,-74.27376,40.26011,NJ,12052,False
348,Waycross,-82.3557,31.21368,GA,14649,False
359,Beach Park,-87.8573,42.42224,IL,13638,False
356,Collingswood,-75.07128,39.91817,NJ,13926,False
368,Glendale,-87.93564,43.13529,WI,12872,False
423,Tomah,-90.50402,43.97858,WI,9093,False
1058,Helotes,-98.68975,29.57801,TX,8591,False
294,Lincolnia,-77.14331,38.81845,VA,22855,False
429,Brandon,-96.57199,43.5947,SD,8785,False
389,Shiloh,-78.2914,41.04172,PA,11217,False
405,Guthrie,-97.42532,35.87894,OK,10191,False
384,Powell,-83.07519,40.15784,OH,11500,False
413,Glenwood Springs,-107.32478,39.55054,CO,9614,False
1588,SeaTac,-122.29217,47.44846,WA,28215,True
394,Plano,-88.53702,41.66281,IL,10856,False
400,Robinson,-97.11472,31.46767,TX,10509,False
1057,Oneonta,-75.06377,42.45286,NY,13862,False
426,Eidson Road,-100.48702,28.6772,TX,8960,False
451,Downingtown,-75.70327,40.0065,PA,7891,False
388,Cusseta,-84.7727,32.30543,GA,11267,False
410,Brambleton,-77.5386,38.98205,VA,9845,False
406,Fort Knox,-85.96363,37.89113,KY,10124,False
1059,Schenectady,-73.93957,42.81424,NY,65305,False
383,Mountain Park,-84.12936,33.84427,GA,11554,False
401,Loganville,-83.90074,33.839,GA,10458,False
411,Minnehaha,-122.64871,45.65901,WA,9771,False
433,Richmond Heights,-90.31956,38.62866,MO,8481,False
382,El Campo,-96.26969,29.19664,TX,11602,False
473,Tamaqua,-75.96937,40.79731,PA,7107,False
395,La Riviera,-121.3569,38.56685,CA,10802,False
1056,Helena-West Helena,-90.59,34.5291,AR,11109,False
448,New Albany,-89.00784,34.49427,MS,8034,False
419,Bala-Cynwyd,-75.23407,40.00761,PA,9299,False
1053,Broken Arrow,-95.79082,36.0526,OK,106563,False
425,Frostburg,-78.92836,39.65814,MD,9002,False
1060,Wake County,-78.65022,35.79012,NC,900993,False
432,Lenoir City,-84.25603,35.7973,TN,8642,False
386,Mebane,-79.26696,36.09597,NC,11393,False
422,Newark,-77.09525,43.04673,NY,9145,False
428,Avon Park,-81.50619,27.59587,FL,8836,False
456,Winsted,-73.06011,41.92121,CT,7712,False
475,Lexington,-79.44282,37.78402,VA,7042,False
430,Napoleon,-84.12522,41.39227,OH,8749,False
392,Lyndon,-85.60163,38.25674,KY,11002,False
396,Middlesboro,-83.71658,36.60842,KY,10730,False
390,Brooklyn,-81.73541,41.43977,OH,10899,False
407,Canyon Rim,-111.82188,40.70661,UT,10062,False
416,Craig,-107.54645,40.51525,CO,9464,False
427,Middletown,-76.73108,40.19981,PA,8901,False
417,Hamburg,-78.82948,42.71589,NY,9409,False
409,London,-83.44825,39.88645,OH,9904,False
412,Columbia,-90.20122,38.44366,IL,9707,False
421,Heber City,-111.41324,40.5069,UT,9198,False
455,Pittston,-75.78936,41.32591,PA,7739,False
1065,Johnson County,-91.58808,41.67155,IA,130882,False
1063,Michigan City,-86.89503,41.70754,IN,31459,False
1072,Allentown,-75.49018,40.60843,PA,120207,False
468,Dry Run,-84.33049,39.10423,OH,7281,False
435,Temperance,-83.56882,41.77921,MI,8517,False
486,North Riverside,-87.82311,41.84281,IL,6672,False
485,Wedgefield,-81.07729,28.48778,FL,6705,False
533,Livingston,-94.93299,30.71103,TX,5335,False
505,Talent,-122.78865,42.24568,OR,6066,False
478,New Square,-74.02942,41.13956,NY,6944,False
502,Eudora,-95.09858,38.94334,KS,6136,False
489,Columbia,-89.83758,31.25184,MS,6582,False
481,Rathdrum,-116.89659,47.8124,ID,6826,False
1069,Burbank,-118.30897,34.18084,CA,105319,False
469,Chehalis,-122.96402,46.66205,WA,7259,False
446,New Baltimore,-77.72833,38.76734,VA,8119,False
458,Ridgefield,-73.49818,41.28148,CT,7645,False
449,Mapleton,-111.57853,40.13023,UT,7979,False
484,Willow Oak,-82.01786,27.91614,FL,6732,False
447,Commerce,-95.89997,33.24706,TX,8078,False
467,Beebe,-91.87959,35.07064,AR,7315,False
487,Louisville,-89.05506,33.12374,MS,6631,False
472,Crystal City,-99.82811,28.67748,TX,7138,False
1062,Park City,-111.49797,40.64606,UT,8128,False
441,Castle Shannon,-80.02228,40.36479,PA,8316,False
508,Homeland,-117.1092,33.74308,CA,5969,False
471,Douglas,-71.73951,42.05426,MA,7168,False
465,Glastonbury Center,-72.59953,41.70093,CT,7387,False
1071,Henrico County,-77.29646,37.45771,VA,306935,False
479,Richland,-90.15842,32.23904,MS,6912,False
476,Pacific,-90.74152,38.482,MO,7002,False
442,Oroville East,-121.47519,39.51126,CA,8280,False
79,Buffalo,-78.87837,42.88645,NY,258071,False
513,Pontoon Beach,-90.08038,38.73172,IL,5836,False
109,Rochester,-77.61556,43.15478,NY,209802,False
1061,Mahtomedi,-92.9516,45.06969,MN,8116,False
483,Kennedale,-97.22585,32.6468,TX,6763,False
474,Guadalupe,-120.57184,34.97164,CA,7318,False
507,Trenton,-93.61661,40.0789,MO,6001,False
457,Cleveland,-95.08549,30.34132,TX,7675,False
470,Swanzey,-72.28175,42.8698,NH,7224,False
78,Greensboro,-79.79198,36.07264,NC,285342,False
443,Anna,-96.5486,33.349,TX,8249,False
461,Glen Ridge,-74.20376,40.80538,NJ,7527,False
57,Arlington,-97.10807,32.73569,TX,388125,False
497,Roseland,-122.72804,38.42213,CA,6325,False
526,Weiser,-116.96933,44.251,ID,5507,False
594,Buhl,-114.75949,42.59907,ID,4122,False
568,Bridgeport,-75.34518,40.10511,PA,4554,False
87,Louisville,-85.75941,38.25424,KY,243639,False
571,Mount Vernon,-91.41684,41.92195,IA,4506,False
495,Tarrant,-86.77277,33.58344,AL,6397,False
1079,Lakeport,-122.91583,39.04295,CA,4807,False
519,Willis,-95.47994,30.42493,TX,5662,False
94,Lubbock,-101.85517,33.57786,TX,249042,False
560,Avalon,-80.06756,40.5009,PA,4705,False
538,Berkeley,-87.9034,41.88892,IL,5209,False
516,Vinita,-95.15413,36.63869,OK,5743,False
534,Williamsville,-78.73781,42.96395,NY,5300,False
517,Piedmont,-97.74643,35.642,OK,5720,False
518,Forest,-89.47423,32.36459,MS,5684,False
520,Buckhannon,-80.23203,38.99399,WV,5639,False
556,Rocky Mount,-79.89198,36.99764,VA,4799,False
565,Basehor,-94.93858,39.14167,KS,4613,False
1073,Racine,-87.78285,42.72613,WI,77742,False
522,Sayre,-76.5155,41.97896,PA,5587,False
559,Granite Falls,-81.43065,35.79652,NC,4722,False
523,Duquesne,-79.85977,40.38146,PA,5565,False
586,Caseyville,-90.02566,38.63672,IL,4245,False
543,Clover,-81.22646,35.11125,SC,5094,False
541,Shenandoah,-95.37221,40.76555,IA,5150,False
530,Webster,-77.42999,43.21229,NY,5399,False
537,Sawmills,-81.47454,35.82485,NC,5240,False
503,Airway Heights,-117.59327,47.64461,WA,6114,False
529,Northfield,-87.7809,42.09975,IL,5420,False
1078,Taylor,-97.40944,30.57076,TX,16702,False
531,Palermo,-121.53802,39.43544,CA,5382,False
536,Springfield,-85.23916,42.32643,MI,5260,False
561,Fruitland,-116.91655,44.00766,ID,4684,False
570,Vine Grove,-85.98135,37.81007,KY,4520,False
525,Lake Forest,-80.1831,25.97759,FL,5522,False
527,Lake Murray of Richland,-81.2645,34.12048,SC,5484,False
96,Durham,-78.89862,35.99403,NC,257636,False
532,Groveport,-82.88379,39.8784,OH,5363,False
500,Schuyler,-97.05948,41.44723,NE,6211,False
596,Harrisburg,-96.69727,43.43137,SD,4089,False
564,Whiteville,-89.14951,35.32647,TN,4638,False
528,Goshen,-74.32432,41.40204,NY,5454,False
504,Paulsboro,-75.24046,39.83039,NJ,6097,False
1082,Hempstead,-96.07829,30.09744,TX,7110,False
554,Manheim,-76.39496,40.16343,PA,4858,False
593,Middletown,-77.54471,39.44371,MD,4136,False
576,Mauston,-90.07735,43.79719,WI,4423,False
844,Harbor Beach,-82.65132,43.84474,MI,1703,False
585,Trenton,-88.94145,35.98062,TN,4264,False
786,New Palestine,-85.88915,39.72199,IN,2055,False
578,Dimmitt,-102.31186,34.5509,TX,4393,False
1080,Garfield County,-107.90395,39.59931,CO,56389,False
597,Ridgway,-78.72864,41.42034,PA,4078,False
563,Sultan,-121.81651,47.8626,WA,4651,False
572,San Diego,-98.2389,27.76391,TX,4488,False
588,South Greeley,-104.80636,41.09693,WY,4217,False
582,Spindale,-81.92927,35.36012,NC,4321,False
626,Greenhills,-84.523,39.26811,OH,3615,False
583,Clay Center,-96.77114,37.51946,KS,4300,False
627,Maeser,-109.58681,40.47718,UT,3601,False
580,Osage Beach,-92.65277,38.12956,MO,4351,False
552,Gilmer,-94.94244,32.72875,TX,4905,False
587,Northwoods,-90.28345,38.70422,MO,4227,False
82,Henderson,-114.98194,36.0397,NV,257729,False
553,Piedmont,-85.61135,33.92455,AL,4878,False
611,Arnold,-120.35103,38.25547,CA,3843,False
98,Glendale,-112.18599,33.53865,AZ,240126,False
573,Battlement Mesa,-108.02507,39.44137,CO,4471,False
545,Shanor-Northvue,-79.91562,40.91045,PA,5051,False
1083,Helena,-112.03611,46.59271,MT,30581,False
621,High Point,-82.52468,28.54687,FL,3686,False
558,Breckenridge Hills,-90.36734,38.7145,MO,4746,False
80,Plano,-96.69889,33.01984,TX,283558,False
555,La Crescent,-91.30403,43.82802,MN,4830,False
610,Pilot Point,-96.96056,33.3965,TX,3856,False
577,Ludlow,-84.54744,39.09256,KY,4407,False
1081,North Richland Hills,-97.2289,32.8343,TX,69204,False
614,El Jebel,-107.09033,39.39498,CO,3801,False
1084,Concord,-71.53757,43.20814,NH,42620,False
575,Sullivan,-88.60784,39.59948,IL,4440,False
615,Lowell,-85.34196,42.93364,MI,3783,False
551,Sulphur,-96.96835,34.50787,OK,4929,False
579,Sayre,-99.6401,35.29116,OK,4375,False
591,Soldotna,-151.05833,60.48778,AK,4163,False
641,Garnett,-95.24192,38.28058,KS,3415,False
567,Mount Vernon,-93.81854,37.10367,MO,4575,False
590,Westway,-106.57805,31.95871,TX,4188,False
592,Sherman,-89.60482,39.89366,IL,4148,False
623,Rochester,-80.28645,40.70229,PA,3657,False
625,Eastover,-78.8,35.1,NC,3628,False
1086,Ferndale,-122.59101,48.8465,WA,13010,False
632,Pulaski,-88.2426,44.67222,WI,3539,False
606,Lawrence Park,-76.8008,40.34564,PA,3915,False
635,Oak Valley,-75.1624,39.80122,NJ,3483,False
700,Dupont,-75.74547,41.32508,PA,2711,False
683,Winner,-99.85901,43.37667,SD,2897,False
648,Abingdon,-90.4018,40.80448,IL,3319,False
608,Portland,-84.90305,42.8692,MI,3883,False
647,Holton,-95.73637,39.46527,KS,3329,False
680,Norton,-99.89151,39.83389,KS,2928,False
381,Bardstown,-85.4669,37.80923,KY,11700,False
678,Milaca,-93.65441,45.7558,MN,2946,False
642,Goldendale,-120.82173,45.82068,WA,3407,False
673,Dresden,-88.70811,36.29145,TN,3005,False
677,Yadkinville,-80.65951,36.13458,NC,2959,False
672,Riverview,-93.06964,38.27586,MO,3014,False
92,Madison,-89.40123,43.07305,WI,248951,False
669,Lodi,-89.52651,43.31388,WI,3050,False
636,Lowville,-75.49185,43.78674,NY,3470,False
630,Harrington,-75.5777,38.92372,DE,3562,False
649,Pine Ridge,-102.55627,43.02554,SD,3308,False
1089,Northglenn,-104.9872,39.88554,CO,39197,False
609,Lake Erie Beach,-79.06698,42.62423,NY,3872,False
629,Watertown,-73.11817,41.60621,CT,3574,False
679,Rural Hall,-80.29338,36.24042,NC,2937,False
613,Zelienople,-80.13673,40.79451,PA,3812,False
667,Macungie,-75.55519,40.51593,PA,3074,False
671,Lakewood,-80.35008,33.84683,SC,3032,False
634,Mission Hills,-94.6169,39.01778,KS,3498,False
666,Hideaway,-95.45746,32.49042,TX,3083,False
814,Granby,-105.93946,40.0861,CO,1864,False
607,Vandalia,-91.48849,39.31087,MO,3899,False
668,West Lake Hills,-97.80195,30.29798,TX,3063,False
687,Many,-93.48406,31.56878,LA,2853,False
619,Eveleth,-92.53991,47.46243,MN,3718,False
684,Wolfdale,-80.28784,40.19285,PA,2888,False
670,Sloatsburg,-74.19292,41.15454,NY,3039,False
633,South Glens Falls,-73.63512,43.29924,NY,3518,False
868,Kerens,-96.22775,32.13321,TX,1573,False
637,Mayfield,-84.37272,39.49478,OH,3294,False
643,Fort Lee,-77.33442,37.24694,VA,3393,False
93,Winston-Salem,-80.24422,36.09986,NC,229617,False
605,Marshall,-87.69364,39.39143,IL,3933,False
646,Sugar Creek,-94.44467,39.10973,MO,3345,False
640,Beechwood,-90.82677,32.32765,MS,3426,False
651,Wynantskill,-73.64428,42.69675,NY,3276,False
1092,Spencer,-71.9923,42.24398,MA,5700,False
1093,Oxford,-84.74523,39.507,OH,22104,False
713,Fairmount,-82.17097,36.58511,TN,2600,False
725,Reno,-97.57725,32.94429,TX,2494,False
698,Bel-Ridge,-90.32539,38.7095,MO,2737,False
663,Lesslie,-80.95647,34.8907,SC,3112,False
691,Emmitsburg,-77.32693,39.70454,MD,2814,False
689,Watkinsville,-83.40877,33.8629,GA,2832,False
130,Glendale,-118.25508,34.14251,CA,191719,False
739,Coopersburg,-75.39046,40.51149,PA,2386,False
736,Las Animas,-103.22271,38.06667,CO,2410,False
715,Fiskdale,-72.11341,42.11621,MA,2583,False
654,Carrollton,-81.08565,40.57284,OH,3241,False
692,Abernathy,-101.84295,33.8323,TX,2805,False
699,Tilton,-87.64752,40.09531,IL,2724,False
704,Bunnell,-81.25784,29.46609,FL,2676,False
722,Chesterland,-81.33789,41.52227,OH,2521,False
664,Pomona,-74.0432,41.16704,NY,3103,False
719,Wayne Heights,-77.55388,39.74371,PA,2545,False
714,Brusly,-91.25372,30.39436,LA,2589,False
694,Wendell,-114.70422,42.77574,ID,2782,False
726,Mineral Point,-90.17985,42.86,WI,2487,False
751,Lakeview,-120.34579,42.18877,OR,2294,False
659,Cherry Valley,-88.94899,42.23474,IL,3162,False
746,Genoa,-83.35909,41.51811,OH,2336,False
702,Palisade,-108.35092,39.11026,CO,2692,False
716,Springdale,-80.78618,34.68931,SC,2574,False
665,North Shore,-79.65836,37.08209,VA,3094,False
655,Moosup,-71.88091,41.71288,CT,3231,False
724,Folkston,-82.01131,30.83095,GA,2502,False
741,Davis Junction,-89.09316,42.10169,IL,2373,False
696,Lula,-83.66629,34.3876,GA,2758,False
733,Fillmore,-112.32355,38.96885,UT,2435,False
133,Columbus,-84.98771,32.46098,GA,200579,False
686,Indian Hills,-85.66274,38.27257,KY,2868,False
738,Morgantown,-86.6836,37.2256,KY,2394,False
685,Richgrove,-119.10788,35.79662,CA,2882,False
703,Davis,-97.11946,34.50453,OK,2683,False
99,Lexington,-84.47772,37.98869,KY,225366,False
693,Electra,-98.91896,34.02926,TX,2791,False
662,Millen,-81.94928,32.80405,GA,3120,False
734,Raceland,-82.7285,38.54008,KY,2424,False
676,Meridian,-104.84528,39.53957,CO,2970,False
695,Philipsburg,-78.22057,40.89645,PA,2770,False
905,Janesville,-120.52411,40.29656,CA,1408,False
1101,West Hollywood,-118.36174,34.09001,CA,36222,False
1100,Kent County,-75.50461,39.09595,DE,162310,False
1106,Bowie,-76.73028,38.94278,MD,58025,False
755,Jonesville,-84.6619,41.98421,MI,2258,False
1103,Lebanon,-72.25176,43.64229,NH,13579,False
747,Haynesville,-93.14016,32.96208,LA,2327,False
748,West Branch,-91.34655,41.67141,IA,2322,False
718,New Lisbon,-90.16541,43.87914,WI,2554,False
1097,East Lansing,-84.48387,42.73698,MI,48471,False
802,Redstone Arsenal,-86.64764,34.68387,AL,1946,False
778,Lakeview,-117.11809,33.83863,CA,2104,False
775,Hamlin,-100.12649,32.88483,TX,2124,False
732,Moline Acres,-90.24011,38.74699,MO,2442,False
795,Nettleton,-88.62227,34.089,MS,1992,False
752,Mabton,-119.99671,46.21485,WA,2286,False
745,Hardinsburg,-86.46053,37.78006,KY,2343,False
759,Camden,-75.74796,43.33451,NY,2231,False
711,Parksdale,-120.02294,36.94717,CA,2621,False
788,Ferrum,-80.01337,36.92292,VA,2043,False
792,Lake Odessa,-85.13834,42.78476,MI,2018,False
749,Stockbridge,-73.32039,42.28759,MA,2316,False
750,Carthage,-85.95165,36.25228,TN,2306,False
163,Tempe Junction,-111.94348,33.41421,AZ,158368,False
757,Belgium,-87.85037,43.49972,WI,2245,False
793,Haskell,-95.67415,35.82038,OK,2007,False
744,Liberty City,-94.94855,32.44543,TX,2351,False
772,North Prairie,-88.40537,42.93446,WI,2141,False
709,Portage,-78.67224,40.38868,PA,2638,False
139,Worcester,-71.80229,42.26259,MA,181045,False
710,Van,-95.63718,32.52486,TX,2632,False
777,Millers Creek,-81.23759,36.1893,NC,2112,False
758,Olmos Park,-98.48752,29.47884,TX,2237,False
721,Middleport,-82.04875,39.00175,OH,2530,False
773,Mays Landing,-74.72766,39.45234,NJ,2135,False
436,Eagle Point,-122.80282,42.47263,OR,8469,False
121,Akron,-81.51901,41.08144,OH,199110,False
781,Whitney,-97.3214,31.95182,TX,2087,False
707,Rhinebeck,-73.91264,41.92676,NY,2657,False
712,Braddock Heights,-77.5036,39.41871,MD,2608,False
742,Grand Forks Air Force Base,-97.38664,47.95493,ND,2367,False
776,South Greensburg,-79.54476,40.2784,PA,2117,False
743,Montague,-86.35701,43.41668,MI,2361,False
753,Graceville,-85.5166,30.95685,FL,2278,False
922,Pelahatchie,-89.79841,32.31292,MS,1334,False
1108,Norwich,-72.07591,41.52426,CT,39899,False
852,Willard,-111.83743,40.70634,UT,1660,False
799,Colfax,-120.95328,39.10073,CA,1963,False
769,Friday Harbor,-123.01712,48.53427,WA,2162,False
805,New Town,-102.49018,47.98085,ND,1925,False
862,Mill Hall,-77.48443,41.10729,PA,1613,False
804,Greensboro,-75.80493,38.97372,MD,1931,False
145,Santa Clarita,-118.54259,34.39166,CA,176320,False
768,Bridgeport,-87.76003,38.70588,IL,2168,False
796,East Helena,-111.91555,46.58966,MT,1984,False
771,McDonald,-80.23478,40.3709,PA,2149,False
798,Butler,-84.23825,32.55709,GA,1972,False
144,Providence,-71.41283,41.82399,RI,179207,False
783,Gold Bar,-121.69706,47.85677,WA,2075,False
819,Bedford,-73.64374,41.20426,NY,1834,False
864,Whately,-72.63481,42.43981,MA,1600,False
841,Twin Lake,-86.16478,43.36279,MI,1720,False
866,Lake Ozark,-92.6388,38.19864,MO,1586,False
143,Spring Valley,-115.245,36.10803,NV,178395,False
807,Hyde Park,-73.93319,41.78482,NY,1908,False
846,Annandale,-74.88128,40.64093,NJ,1695,False
829,Arroyo Seco,-105.56918,36.51669,NM,1785,False
811,Fisher,-88.35005,40.31476,IL,1881,False
850,West Unity,-84.43495,41.58616,OH,1671,False
780,Colfax,-93.2452,41.67777,IA,2093,False
1111,Snowmass Village,-106.93782,39.21304,CO,2916,False
824,Central Valley,-74.12098,41.33176,NY,1810,False
827,Braham,-93.17078,45.72274,MN,1793,False
809,Rainier,-122.93594,46.089,OR,1895,False
851,Clarendon,-91.31374,34.69315,AR,1664,False
801,Orchard Hills,-79.53143,40.58618,PA,1952,False
774,Sussex,-74.60766,41.20982,NJ,2130,False
863,Warsaw,-91.4346,40.35921,IL,1607,False
803,Bruce,-89.34896,33.99206,MS,1939,False
437,Plymouth,-87.97704,43.74861,WI,8445,False
791,Manchester,-83.60936,38.68813,OH,2023,False
488,Hillsboro,-83.61159,39.20229,OH,6605,False
800,Martinsburg,-78.32418,40.31119,PA,1958,False
770,Elgin,-98.29227,34.78035,OK,2156,False
834,Wakarusa,-86.02083,41.53616,IN,1758,False
790,Bristol,-73.07901,44.13339,VT,2030,False
861,Salisbury,-92.80158,39.42392,MO,1618,False
797,Lancaster Mill,-80.79479,34.70931,SC,1978,False
806,Gwinn,-87.44097,46.28106,MI,1917,False
810,Silver Bay,-91.25739,47.29436,MN,1887,False
854,Dunsmuir,-122.27195,41.20821,CA,1650,False
813,Parkersburg,-92.78686,42.57748,IA,1870,False
1118,Erie,-80.08506,42.12922,PA,99475,False
900,Walnut Cove,-80.14171,36.29541,NC,1425,False
838,River Heights,-111.82133,41.7216,UT,1734,False
876,Dayton,-78.93864,38.41485,VA,1530,False
904,Appleton,-96.01977,45.19691,MN,1412,False
853,Cascade-Chipita Park,-105.00237,38.94354,CO,1655,False
901,Cedar Glen Lakes,-74.39987,39.95234,NJ,1421,False
903,Nellieburg,-88.77727,32.40681,MS,1414,False
908,Faxon,-76.97719,41.24841,PA,1395,False
857,East Brooklyn,-71.89729,41.79677,CT,1638,False
843,Manchester,-77.23026,42.96979,NY,1709,False
873,Winchester,-90.5279,38.59033,MO,1547,False
847,Manson,-94.53414,42.52914,IA,1690,False
146,Grand Prairie,-96.99778,32.74596,TX,187809,False
860,Bartlett,-97.42556,30.79491,TX,1623,False
896,Montague,-122.5278,41.7282,CA,1443,False
825,West Liberty,-83.75577,40.25228,OH,1805,False
878,Victory Gardens,-74.54238,40.87593,NJ,1520,False
858,Lone Star,-95.38773,33.78566,TX,1631,False
848,Maury,-77.58608,35.48211,NC,1685,False
818,Lockney,-101.44155,34.12452,TX,1842,False
921,Hayfield,-92.84769,43.89052,MN,1340,False
885,Ames Lake,-121.96623,47.63288,WA,1486,False
910,Oakport,-96.77897,46.93191,MN,1387,False
906,Helena,-98.27007,36.54614,OK,1403,False
1117,Oberlin,-82.21738,41.29394,OH,8350,False
840,Lancaster,-71.56925,44.48895,NH,1725,False
883,Porter,-70.93256,43.79591,ME,1495,False
911,Charlemont,-72.86982,42.62786,MA,1382,False
842,Cross Plains,-86.69611,36.54866,TN,1714,False
881,Norwood (historical),-93.92747,44.76802,MN,1506,False
845,De Kalb,-94.61632,33.50873,TX,1699,False
828,Jemez Pueblo,-106.72832,35.61422,NM,1788,False
909,Lewiston,-84.30557,44.8839,MI,1392,False
899,Webb,-85.27327,31.26045,AL,1430,False
888,Markesan,-88.99011,43.7072,WI,1476,False
889,Menard,-99.78646,30.91767,TX,1471,False
823,Sour Lake,-94.41102,30.14021,TX,1813,False
897,Honeyville,-112.07939,41.63854,UT,1441,False
898,Dover,-72.80399,42.94369,VT,1437,False
839,Lester Prairie,-94.04164,44.88385,MN,1730,False
887,Edgar,-89.96346,44.92719,WI,1479,False
855,Gaston,-81.10093,33.8171,SC,1645,False
836,Harlan,-83.32185,36.84314,KY,1745,False
1121,Pulaski County,-92.3118,34.76993,AR,382748,False
1119,Marianna,-90.75761,34.77371,AR,3766,False
1128,Whatcom County,-121.87283,48.82975,WA,201140,False
961,Lincoln,-93.33465,38.39086,MO,1190,False
869,Tornillo,-106.08831,31.4454,TX,1568,False
877,Marathon,-89.8404,44.92913,WI,1524,False
956,Pigeon,-83.26996,43.83002,MI,1208,False
954,Victoria,-99.1476,38.85279,KS,1214,False
1125,Shavano Park,-98.55252,29.58495,TX,3527,False
963,Memphis,-82.76881,42.89642,MI,1183,False
886,Wilson,-110.87521,43.50076,WY,1482,False
918,Rapid City,-85.28256,44.83445,MI,1352,False
874,Roxana,-90.07622,38.84838,IL,1542,False
893,Glade Spring,-81.77123,36.79122,VA,1456,False
912,Philmont,-73.65318,42.24842,NY,1379,False
950,Lecompte,-92.40041,31.09463,LA,1227,False
884,Utica,-82.93154,34.67816,SC,1489,False
945,Gasport,-78.57614,43.19922,NY,1248,False
1127,Sapulpa,-96.11417,35.9987,OK,20579,False
959,Mantorville,-92.75575,44.06913,MN,1197,False
940,Avondale,-75.78327,39.82344,PA,1265,False
964,Yorkshire,-78.4728,42.53006,NY,1180,False
957,Avonia,-80.26979,42.04561,PA,1205,False
919,Woodacre,-122.64526,38.0127,CA,1348,False
960,Bellefonte,-75.50936,39.76622,DE,1193,False
948,Henry Fork,-79.87031,36.96625,VA,1234,False
947,Medford,-93.24632,44.17413,MN,1239,False
1124,Northfield,-93.1616,44.4583,MN,20380,False
946,Fort Totten,-98.9929,47.98,ND,1243,False
915,Blair,-91.23516,44.2944,WI,1366,False
490,Metropolis,-88.732,37.15117,IL,6537,False
966,Apple Creek,-81.8393,40.75172,OH,1173,False
969,Esther,-90.49874,37.85033,MO,1161,False
958,Edmore,-85.03863,43.40809,MI,1201,False
916,Midtown,-84.5641,35.87952,TN,1360,False
882,MacArthur,-81.2126,37.75845,WV,1500,False
1123,West Stockbridge,-73.36622,42.34592,MA,1441,False
1129,Morrisville,-78.82556,35.82348,NC,23820,False
872,Bracey,-78.14305,36.59959,VA,1554,False
936,Laingsburg,-84.35136,42.89031,MI,1283,False
944,Wallis,-96.06524,29.63135,TX,1252,False
955,DoÃ±a Ana,-106.8139,32.38954,NM,1211,False
943,Columbine Valley,-105.03221,39.6011,CO,1256,False
890,Manson,-120.15841,47.88486,WA,1468,False
891,East Lexington,-79.42532,37.79291,VA,1463,False
942,Spencerville,-108.05813,36.82,NM,1258,False
157,Rancho Cucamonga,-117.59311,34.1064,CA,175236,False
161,Tempe,-111.90931,33.41477,AZ,175826,False
618,Cayuga Heights,-76.48776,42.4601,NY,3729,False
977,New Matamoras,-81.06705,39.52452,OH,1135,False
924,Dooms,-78.85752,38.10902,VA,1327,False
1000,Circle,-105.59222,47.41667,MT,615,False
995,Millington,-83.52968,43.28141,MI,1072,False
994,Odin,-89.05229,38.61727,IL,1076,False
160,Vancouver,-122.66149,45.63873,WA,172860,False
998,Gerber,-122.15027,40.05627,CA,1060,False
653,Northwest Harwinton,-73.07922,41.77685,CT,3252,False
979,Paradise,-76.12857,40.00982,PA,1129,False
953,Friendship,-78.13751,42.20646,NY,1218,False
939,Buffalo,-90.72347,41.45642,IA,1270,False
993,Altamont,-95.29719,37.19034,KS,1080,False
930,Kittredge,-105.29971,39.65471,CO,1304,False
932,North Apollo,-79.5556,40.59618,PA,1297,False
929,Lakeside,-97.49335,32.82235,TX,1307,False
949,Carnuel,-106.45725,35.06394,NM,1232,False
511,Raleigh Hills,-122.76204,45.48067,OR,5896,False
1130,Anderson,-85.68025,40.10532,IN,55305,False
997,Terry,-90.29426,32.09626,MS,1063,False
976,San Antonio,-82.27453,28.33611,FL,1138,False
644,Polkton,-80.20089,35.00765,NC,3375,False
970,Sykesville,-78.82225,41.05034,PA,1157,False
975,Whitefield,-71.61008,44.37312,NH,1142,False
600,Mount Plymouth,-81.53313,28.80805,FL,4011,False
934,Heppner,-119.5578,45.35318,OR,1291,False
982,Mountainaire,-111.66599,35.08529,AZ,1119,False
574,Mount Pleasant,-79.54115,40.14896,PA,4454,False
973,Guernsey,-104.74163,42.26969,WY,1147,False
971,Speers,-79.87977,40.12452,PA,1154,False
987,Coldstream,-85.52385,38.31479,KY,1100,False
992,Gorman,-98.67061,32.21375,TX,1083,False
117,North Glendale,-118.26452,34.16056,CA,203201,False
175,Palmdale,-118.11646,34.57943,CA,158351,False
162,Springfield,-93.29824,37.21533,MO,166810,False
542,Williams,-122.14942,39.15461,CA,5123,False
544,Shenandoah,-76.20077,40.82037,PA,5071,False
931,Munday,-99.62286,33.44926,TX,1300,False
951,Kenwood,-94.98579,36.31453,OK,1224,False
720,Dawsonville,-84.11908,34.42121,GA,2536,False
999,Morrisonville,-89.45565,39.42005,IL,1056,False
159,Ontario,-117.65089,34.06334,CA,171214,False
935,Waukomis,-97.89811,36.28031,OK,1286,False
974,Andover,-80.5723,41.60672,OH,1145,False
990,Peach Springs,-113.42549,35.52916,AZ,1090,False
69,Cincinnati,-84.51439,39.12711,OH,296943,False
135,Grand Rapids,-85.66809,42.96336,MI,195097,False
37,Nashville,-86.78444,36.16589,TN,530852,False
64,Santa Ana,-119.33011,34.41138,CA,0,False
688,Horseheads North,-76.80782,42.19278,NY,2843,False
74,Meads,-82.70905,38.41258,KY,288649,False
75,Toledo,-83.55521,41.66394,OH,287208,False
923,Spring Grove,-91.63598,43.56108,MN,1330,False
1136,Godfrey,-90.18678,38.9556,IL,17759,False
165,Eugene,-123.08675,44.05207,OR,163460,False
631,Norwood Young America,-93.92163,44.77357,MN,3549,False
199,Pasadena,-118.14452,34.14778,CA,137122,False
20,Fort Worth,-97.32085,32.72541,TX,833319,False
496,Iowa Park,-98.66867,33.95148,TX,6355,False
598,Pocola,-94.478,35.23121,OK,4056,False
761,Four Seasons,-92.71102,38.19809,MO,2217,False
72,Stockton,-121.29078,37.9577,CA,305658,False
60,West Raleigh,-78.66389,35.78682,NC,338759,False
1135,Los Altos Hills,-122.13746,37.37966,CA,8419,False
989,Russiaville,-86.27138,40.41754,IN,1094,False
996,Caldwell,-97.60699,37.03225,KS,1068,False
137,Salt Lake City,-111.89105,40.76078,UT,192672,False
167,Salem,-123.0351,44.9429,OR,164549,False
652,Centerville,-79.97561,40.04535,PA,3263,False
980,Big Rock,-88.54702,41.76392,IL,1126,False
115,Richmond,-77.46026,37.55376,VA,220289,False
222,Eden Prairie,-93.47079,44.85469,MN,60797,False
111,Spokane,-117.42908,47.65966,WA,208916,False
674,Hillsboro,-97.20447,38.35196,KS,2993,False
73,Ironville,-82.69238,38.45647,KY,288649,False
221,Utica,-75.23266,43.1009,NY,62235,False
1134,Frederick County,-78.26258,39.20456,VA,78305,False
170,East Chattanooga,-85.24912,35.06535,TN,154024,False
33,Las Vegas,-115.13722,36.17497,NV,583756,False
32,Portland,-122.67621,45.52345,OR,632309,False
18,Austin,-97.74306,30.26715,TX,931830,False
22,Detroit,-83.04575,42.33143,MI,677116,False
169,Peoria,-112.23738,33.5806,AZ,171237,False
34,Oklahoma City,-97.51643,35.46756,OK,631346,False
118,Modesto,-120.99688,37.6391,CA,201165,False
1137,Martinez,-122.13413,38.01937,CA,38137,False
1140,Clinton County,-84.60152,42.94365,MI,75382,False
717,Winters,-99.96231,31.95653,TX,2562,False
63,Aurora,-104.83192,39.72943,CO,359407,False
116,Des Moines,-93.60911,41.60054,IA,210330,False
225,Dubuque,-90.66457,42.50056,IA,58799,False
110,San Bernardino,-117.28977,34.10834,CA,216108,False
120,Shreveport,-93.75018,32.52515,LA,197204,False
123,Aurora,-88.32007,41.76058,IL,200661,False
112,Gilbert,-111.78903,33.35283,AZ,247542,False
1147,Roswell,-84.36159,34.02316,GA,94501,False
1145,St. Louis,-90.19789,38.62727,MO,315685,False
76,Saint Paul,-93.09327,44.94441,MN,285068,False
385,Endwell,-76.02103,42.11285,NY,11446,False
765,Wellington,-100.21373,34.85617,TX,2189,False
314,Southbridge,-72.03341,42.0751,MA,19030,False
1141,Wharton,-96.10274,29.31164,TX,8726,False
1148,Elmhurst,-87.94034,41.89947,IL,45957,False
491,Plattsmouth,-95.88223,41.01139,NE,6502,False
279,American Fork,-111.79576,40.3769,UT,26263,False
65,St Louis,-90.19789,38.62727,MO,315685,False
119,Fayetteville,-78.87836,35.05266,NC,201963,False
194,Naperville,-88.14729,41.78586,IL,147100,False
763,Helper,-110.85461,39.68413,UT,2201,False
3,Chicago,-87.65005,41.85003,IL,2720546,False
602,Westover,-79.96979,39.63453,WV,3983,False
1144,Blacksburg,-79.3192,37.81874,VA,0,False
730,Bloomington,-96.89249,28.64777,TX,2459,False
603,Chester,-74.27126,41.36259,NY,3969,False
1146,Granite City,-90.14872,38.70144,IL,29054,False
546,Creswell,-123.02453,43.9179,OR,5031,False
335,Streetsboro,-81.34594,41.23922,OH,16028,False
313,Newton,-97.34504,38.04668,KS,19132,False
498,Garrett,-85.13553,41.34949,IN,6286,False
58,Bakersfield,-119.01871,35.37329,CA,373640,False
612,Sewickley,-80.1845,40.53646,PA,3827,False
452,Dexter,-89.95787,36.79589,MO,7864,False
353,West Park,-80.19894,25.98454,FL,14156,False
268,Raytown,-94.46356,39.00862,MO,29526,False
708,Eielson Air Force Base,-147.05442,64.66327,AK,2647,False
1149,Woodland,-121.7733,38.67852,CA,58567,False
31,Milwaukee,-87.90647,43.0389,WI,600155,False
21,Charlotte,-80.84313,35.22709,NC,731424,False
114,Montgomery,-86.29997,32.36681,AL,205764,False
978,Hilbert,-88.16399,44.14027,WI,1132,False
817,Olathe,-107.98229,38.60499,CO,1849,False
764,Wrightsville,-82.71986,32.72933,GA,2195,False
547,Shady Hollow,-97.86223,30.16493,TX,5004,False
307,South Saint Paul,-93.03494,44.89274,MN,20160,False
729,Ravensworth,-77.22054,38.804,VA,2466,False
727,Everson,-122.34266,48.92012,WA,2481,False
439,Orrville,-81.76402,40.84367,OH,8380,False
1158,Shawnee,-96.9253,35.32729,OK,31286,False
213,Bend,-121.31531,44.05817,OR,87014,False
205,Richardson,-96.72972,32.94818,TX,110815,False
494,Carbondale,-107.21116,39.40221,CO,6670,False
203,Arvada,-105.08748,39.80276,CO,115368,False
217,Iowa City,-91.53017,41.66113,IA,67862,False
985,Greenville,-71.8123,42.76731,NH,1108,False
1154,Palm Desert,-116.37697,33.72255,CA,51869,False
185,Kansas City,-94.62746,39.11417,KS,151306,False
835,Bladenboro,-78.78752,34.53878,NC,1750,False
892,Grand Canyon,-112.13934,36.05443,AZ,1460,False
981,Milesburg,-77.785,40.94173,PA,1123,False
837,Searles Valley,-117.40395,35.76745,CA,1739,False
821,Fort Fairfield,-67.83391,46.77227,ME,1825,False
208,Sandy Hills,-111.85077,40.58106,UT,89575,False
927,Black Creek,-88.45066,44.47749,WI,1316,False
701,Cohasset,-93.62022,47.26356,MN,2698,False
660,West Portsmouth,-83.02906,38.75841,OH,3149,False
937,Como,-89.93981,34.51066,MS,1279,False
601,Greencastle,-77.72777,39.79037,PA,3996,False
218,Warner Robins,-83.5999,32.62098,GA,66588,False
1157,Trenton,-74.74294,40.21705,NJ,84225,False
822,Sodus,-77.06136,43.23784,NY,1819,False
779,Taylorsville,-81.17647,35.9218,NC,2098,False
984,Marmaduke,-90.38316,36.18701,AR,1111,False
986,Harleigh,-75.97131,40.98064,PA,1104,False
397,Snoqualmie,-121.82539,47.52871,WA,13169,False
832,Livingston,-90.74787,30.50213,LA,1769,False
493,Nuevo,-117.14587,33.80141,CA,6447,False
880,Ackerman,-89.17284,33.31012,MS,1510,False
983,Cando,-99.20986,48.48667,ND,1115,False
928,Elgin,-80.79425,34.17098,SC,1311,False
926,Kings Mills,-84.24855,39.35561,OH,1319,False
195,Dayton,-84.19161,39.75895,OH,140599,False
1156,West Hartford,-72.74204,41.76204,CT,63268,False
166,Pembroke Pines,-80.22394,26.00315,FL,166611,False
192,Lakewood,-105.08137,39.70471,CO,152597,False
879,Albion,-80.36645,41.89061,PA,1516,False
174,Rockford,-89.094,42.27113,IL,152871,False
191,Escondido,-117.08642,33.11921,CA,151451,False
152,Santa Rosa,-122.71443,38.44047,CA,167815,False
212,Hemet,-116.97307,33.74761,CA,78657,False
548,Stafford Springs,-72.3023,41.95426,CT,4988,False
128,Little Rock,-92.28959,34.74648,AR,197992,False
173,Elk Grove,-121.37162,38.4088,CA,166913,False
1166,White Bear Lake,-93.00994,45.08469,MN,25205,False
782,Lake City,-90.43427,35.81619,AR,2082,False
524,Milton,-88.944,42.77556,WI,5546,False
581,Saint Robert,-92.17767,37.8281,MO,4340,False
398,Verona,-89.53318,42.99083,WI,10619,False
617,Venersborg,-122.42454,45.77373,WA,3745,False
404,Fairview Shores,-81.39424,28.59111,FL,10239,False
965,Newark,-91.44152,35.70174,AR,1176,False
767,Buena Vista,-84.51714,32.31904,GA,2173,False
925,Erin,-87.69474,36.31839,TN,1324,False
462,Demopolis,-87.8364,32.51764,AL,7483,False
1163,Chico,-121.83748,39.72849,CA,90316,False
68,Riverside,-117.39616,33.95335,CA,322424,False
108,Birmingham,-86.80249,33.52066,AL,212461,False
1161,Wisconsin Rapids,-89.81735,44.38358,WI,17897,False
550,Rainsville,-85.84775,34.49425,AL,4948,False
399,Waynesboro,-77.57777,39.75593,PA,10568,False
210,Clifton,-74.16376,40.85843,NJ,84136,False
1167,Groesbeck,-96.53387,31.52434,TX,4304,False
141,Huntsville,-86.58594,34.7304,AL,190582,False
311,Hazel Dell,-122.66288,45.67151,WA,19435,False
206,Compton,-118.22007,33.89585,CA,96455,False
315,El Dorado,-92.66627,33.20763,AR,18884,False
639,Newport,-93.00049,44.86636,MN,3435,False
171,Sioux Falls,-96.70033,43.54997,SD,171544,False
262,Westmont,-118.3023,33.9414,CA,31853,False
766,Greenfield,-88.80062,36.1534,TN,2182,False
66,Pittsburgh,-79.99589,40.44062,PA,304391,False
202,Provo,-111.65853,40.23384,UT,112488,False
200,Olathe,-94.81913,38.8814,KS,125872,False
1160,Lancaster,-78.67031,42.90061,NY,10258,False
15,Indianapolis,-86.15804,39.76838,IN,829718,False
149,Overland Park,-94.67079,38.98223,KS,173372,False
1165,Roseville,-93.15661,45.00608,MN,35580,False
347,Cullman,-86.84361,34.17482,AL,14775,False
365,Eufaula,-85.14549,31.89127,AL,13137,False
431,Asbury Lake,-81.82149,30.04913,FL,8700,False
460,Park City,-87.88424,42.34836,IL,7570,False
480,Tyrone,-84.59715,33.47123,GA,6879,False
557,Auburn,-89.74649,39.59172,IL,4771,False
697,Mountain View,-92.11765,35.86841,AR,2748,False
70,Lexington-Fayette,-84.45855,38.0498,KY,314488,False
815,Morris,-86.8086,33.74816,AL,1859,False
914,Muniz,-98.08945,26.25646,TX,1370,False
972,Erie,-95.24331,37.56811,KS,1150,False
254,Hot Springs,-93.05518,34.5037,AR,35635,False
176,Corona,-117.56644,33.87529,CA,164226,False
134,Sunrise Manor,-115.07306,36.21108,NV,189372,False
153,Chattanooga,-85.30968,35.04563,TN,176588,False
36,Albuquerque,-106.65114,35.08449,NM,559121,False
214,Arlington Heights,-87.98063,42.08836,IL,75101,False
231,Hendersonville,-86.62,36.30477,TN,51372,False
232,South Jordan,-111.92966,40.56217,UT,50418,False
275,Dodge City,-100.01708,37.7528,KS,27340,False
338,Avon Center,-82.01959,41.45976,OH,15724,False
343,Johnson City,-75.95881,42.11563,NY,15174,False
453,Creston,-94.36135,41.0586,IA,7834,False
482,Hornsby Bend,-97.58333,30.24743,TX,6791,False
492,Truth or Consequences,-107.25281,33.1284,NM,6475,False
521,Aberdeen,-88.54366,33.82511,MS,5612,False
628,Bawcomville,-92.16736,32.47042,LA,3588,False
650,Mount Angel,-122.80009,45.0679,OR,3286,False
657,Sandia Heights,-106.49141,35.17699,NM,3193,False
690,Heber-Overgaard,-110.56956,34.41414,AZ,2822,False
737,Marshville,-80.36701,34.98849,NC,2402,False
789,New Chicago,-87.27448,41.55837,IN,2035,False
820,Stephens City,-78.21806,39.08344,VA,1829,False
859,Murphy,-84.03463,35.08758,NC,1627,False
894,Springfield,-102.61436,37.40835,CO,1451,False
933,Woodbury Center,-73.20476,41.54453,CT,1294,False
1170,Orange County,-74.30557,41.40214,NY,372813,False
1176,Tamarac,-80.24977,26.21286,FL,64681,False
1171,Petaluma,-122.63665,38.23242,CA,60438,False
1180,Rio Grande City,-98.8203,26.37979,TX,14404,False
1179,Alliance,-81.10593,40.91534,OH,22055,False
1168,Tyler,-95.30106,32.35126,TX,103700,False
1175,Mount Shasta,-122.31225,41.31024,CA,3296,False
1177,San Miguel County,-108.40583,38.00374,CO,7359,False
1178,Danville,-121.99996,37.82159,CA,44400,False
1169,Nogales,-110.93425,31.34038,AZ,20252,False
1172,Red Lodge,-109.24682,45.18578,MT,2222,False
1183,Miramar,-80.23227,25.98731,FL,137132,False
1202,Rowlett,-96.56388,32.9029,TX,60236,False
1222,Denton,-97.13307,33.21484,TX,131044,False
1221,Batesville,-91.64097,35.7698,AR,10668,False
81,Lincoln,-96.66696,40.8,NE,277348,False
1200,Pea Ridge,-91.33679,33.92066,AR,2879,False
1215,Oshkosh,-88.54261,44.02471,WI,66555,False
1226,Leon County,-84.27788,30.45804,FL,275487,False
1188,Irving,-96.97224,32.89869,TX,0,False
190,Fort Collins,-105.08442,40.58526,CO,161175,False
1213,Spartanburg,-81.93205,34.94957,SC,37867,False
1210,Onondaga County,-76.19464,43.0058,NY,467026,False
1199,San Joaquin County,-121.27145,37.93478,CA,685306,False
1225,Sandpoint,-116.55325,48.27659,ID,7835,False
1208,Webster,-95.11826,29.53773,TX,11116,False
1209,Jonesboro,-90.70428,35.8423,AR,73907,False
101,Hialeah,-80.27811,25.8576,FL,237069,False
1195,West Sacramento,-121.53023,38.58046,CA,52721,False
1186,Ashland,-90.8838,46.59244,WI,8040,False
1198,Monterey Park,-118.12285,34.06251,CA,61468,False
1212,Lake Oswego,-122.67065,45.42067,OR,38496,False
1223,The Woodlands,-95.48938,30.15799,TX,93847,False
1230,Monroe,-80.54951,34.98543,NC,34623,False
1185,Bellaire,-95.45883,29.70579,TX,18518,False
1189,Blue Lake,-123.98395,40.88291,CA,1252,False
1206,Texarkana,-94.03769,33.44179,AR,30353,False
1218,University City,-90.30928,38.65588,MO,35058,False
1196,Prince William County,-77.47766,38.70167,VA,402002,False
1214,Shutesbury,-72.40981,42.45648,MA,1842,False
1224,Santa Fe,-105.9378,35.68698,NM,84099,False
1229,Waltham,-71.23561,42.37649,MA,63378,False
1192,Kalamazoo,-85.58723,42.29171,MI,76041,False
1205,Whitney Point,-75.9677,42.32896,NY,941,False
1236,Shelby County,-89.8956,35.184,TN,927644,False
1266,La Grange Park,-87.86173,41.83475,IL,13608,False
95,Baton Rouge,-91.15455,30.45075,LA,228590,False
1272,Nyack,-73.91791,41.09065,NY,7004,False
1274,Sealy,-96.15718,29.78079,TX,6403,False
1249,Thousand Oaks,-118.83759,34.17056,CA,129339,False
1270,Lucas County,-83.46826,41.68419,OH,441815,False
1238,Stillwater,-97.05837,36.11561,OK,48967,False
1241,Apple Valley,-117.18588,34.50083,CA,72174,False
1234,Dutchess County,-73.74286,41.76515,NY,297488,False
1244,Franklin,-86.86889,35.92506,TN,72639,False
1257,Nassau,-73.61012,42.51591,NY,1124,False
1277,Anacortes,-122.61267,48.5126,WA,16403,False
1267,Whitefish,-114.33763,48.41108,MT,7073,False
1269,Falls Church,-77.17109,38.88233,VA,13892,False
1247,Meridian,-84.36358,42.68976,MI,0,False
1253,Forest Hill,-95.81802,33.65121,TX,0,False
1252,Flagstaff,-111.65127,35.19807,AZ,70320,False
138,Tallahassee,-84.28073,30.43826,FL,189907,False
1278,Lake County,-81.7113,28.76147,FL,297052,False
1243,Round Rock,-97.6789,30.50826,TX,115997,False
1251,Sugar Land,-95.63495,29.61968,TX,88156,False
1245,Highland Park,-75.10795,39.88872,NJ,0,False
1250,Fredericksburg,-77.46054,38.30318,VA,28118,False
1271,Tracy,-121.42618,37.73987,CA,87075,False
354,Williamsburg,-76.70746,37.2707,VA,15052,False
1248,Cookeville,-85.50164,36.16284,TN,32113,False
1242,Hoffman Estates,-88.0798,42.04281,IL,52138,False
142,Knoxville,-83.92074,35.96064,TN,185291,False
1240,Abilene,-99.73314,32.44874,TX,121721,False
1254,Temple,-97.34278,31.09823,TX,72277,False
1255,Chatham,-73.59484,42.36425,NY,1696,False
1258,Ludwigs Corner,-75.69354,40.11566,PA,0,False
1256,Croton-on-Hudson,-73.89125,41.20843,NY,8269,False
1239,Corsicana,-96.46887,32.09543,TX,23952,False
1263,Owensboro,-87.11333,37.77422,KY,59042,False
1235,Lansdowne,-75.27185,39.93817,PA,10639,False
1287,Scotts Bluff County,-103.70795,41.85061,NE,36970,False
1306,Rohnert Park,-122.7011,38.33964,CA,42407,False
1329,Yountville,-122.36081,38.40158,CA,3017,False
1313,De Pere,-88.06038,44.44888,WI,24724,False
1314,Orange County,-81.32348,28.51442,FL,1145956,False
1299,Waco,-97.14667,31.54933,TX,132356,False
1294,Seminole County,-81.2363,28.71698,FL,422718,False
1288,San Rafael,-118.23369,34.15973,CA,0,False
1322,Yolo County,-121.90162,38.68665,CA,200849,False
1284,Morgan Hill,-121.65439,37.1305,CA,42948,False
1295,Weston,-80.39977,26.10037,FL,69959,False
1300,East Baton Rouge Parish,-91.09562,30.53824,LA,440171,False
1304,Brazoria County,-95.43426,29.16783,TX,313166,False
1319,Benton,-92.58683,34.56454,AR,34177,False
7,Philadelphia,-75.16379,39.95233,PA,1567442,False
1323,Rochester,-70.97562,43.30453,NH,30038,False
1324,Sheffield Lake,-82.10154,41.48754,OH,9026,False
1303,Albany County,-73.97356,42.60018,NY,304204,False
1321,Camden,-75.11962,39.92595,NJ,76119,False
1292,Kettering,-84.16883,39.6895,OH,55525,False
1318,Gilford,-71.40674,43.54758,NH,7849,False
1302,Lawton,-98.39033,34.60869,OK,96655,False
1317,San Anselmo,-122.56164,37.97465,CA,12653,False
1291,Brentwood,-121.69579,37.93187,CA,58968,False
1328,Caroline,-76.39966,42.37118,NY,0,False
1308,Roeland Park,-94.63218,39.03751,KS,6827,False
1301,Belleville,-89.98399,38.52005,IL,42034,False
1320,Tompkins County,-76.47366,42.45202,NY,101564,False
1282,Shawnee,-94.72024,39.04167,KS,65046,False
83,Fort Wayne,-85.12886,41.1306,IN,260326,False
1289,College Station,-96.33441,30.62798,TX,107889,False
1311,San Ramon,-121.97802,37.77993,CA,76134,False
47,Colorado Springs,-104.82136,38.83388,CO,456568,False
1325,Frederick,-77.41054,39.41427,MD,69479,False
1285,Grand Traverse County,-85.5522,44.71624,MI,86986,False
1316,Klamath Falls,-121.78167,42.22487,OR,21399,False
1315,Greenville,-77.36635,35.61266,NC,90597,False
1378,Campbell,-121.94996,37.28717,CA,41117,False
1363,Albemarle County,-78.55654,38.02289,VA,98970,False
1375,Red Hook,-73.87541,41.99509,NY,1990,False
1339,Fuquay-Varina,-78.80001,35.58432,NC,23907,False
1370,Princeton,-74.65905,40.34872,NJ,29603,False
1334,Plymouth,-71.68813,43.75702,NH,4456,False
1347,Davie,-80.2331,26.06287,FL,100882,False
1332,Odessa,-102.36764,31.84568,TX,118968,False
1352,Claremont,-117.71978,34.09668,CA,36283,False
151,Garden Grove,-117.94145,33.77391,CA,175393,False
1336,Sumter,-80.34147,33.92044,SC,40816,False
1372,Harrisonburg,-78.86892,38.44957,VA,52538,False
1376,Narberth,-75.26046,40.00845,PA,4309,False
1337,Moorpark,-118.88204,34.28556,CA,36104,False
1340,Pflugerville,-97.62,30.43937,TX,57122,False
1373,Frederick County,-77.39799,39.47222,MD,233385,False
1345,Eau Claire,-91.49849,44.81135,WI,67778,False
1331,Edmond,-97.4781,35.65283,OK,90092,False
1349,Carmel,-86.11804,39.97837,IN,88713,False
1341,Clearlake,-122.62637,38.95823,CA,15182,False
1368,Lewiston,-70.21478,44.10035,ME,36202,False
1367,Missouri City,-95.53772,29.61857,TX,74139,False
1374,Ithaca,-76.49661,42.44063,NY,30788,False
1362,Desert Hot Springs,-116.50353,33.96173,CA,28335,False
1377,Cedar Falls,-92.44547,42.52776,IA,41255,False
1355,Jackson,-110.76243,43.47993,WY,10523,False
1335,Charlottesville,-78.47668,38.02931,VA,46597,False
1333,Montgomery,-95.69634,30.38826,TX,806,False
1356,Frankfort,-84.87328,38.20091,KY,27830,False
1338,Saratoga,-122.02301,37.26383,CA,30968,False
1364,Clackamas County,-122.22094,45.18816,OR,375992,False
1344,Sullivan County,-74.76814,41.71642,NY,77547,False
1360,Maricopa County,-112.49123,33.34883,AZ,3817117,False
1429,Hillsboro,-122.98983,45.52289,OR,102347,False
1401,Greenfield,-119.00288,35.26885,CA,3991,False
1415,Montgomery County,-77.20424,39.13638,MD,971777,False
1387,Dublin,-121.93579,37.70215,CA,57721,False
1419,Madera,-120.06072,36.96134,CA,64208,False
1398,Antioch,-121.80579,38.00492,CA,110542,False
1430,Martinsville,-79.87254,36.69153,VA,13645,False
1390,Cranston,-71.43728,41.77982,RI,81073,False
1420,Lake County,-122.75318,39.09965,CA,64665,False
1381,Lancaster,-71.67312,42.45565,MA,7509,False
1409,San Angelo,-100.43704,31.46377,TX,100450,False
1427,Buckeye,-112.58378,33.37032,AZ,50876,False
1411,Indian Wells,-117.87312,35.66523,CA,0,False
1389,Mission,-98.32529,26.21591,TX,83298,False
1405,Dakota County,-93.06544,44.67189,MN,398552,False
1402,Parlier,-119.52707,36.61162,CA,15138,False
1408,Gonzales,-121.44438,36.50663,CA,8473,False
1397,Fairbanks North Star Borough,-146.41667,64.83333,AK,97581,False
1423,Durango,-107.88007,37.27528,CO,18006,False
1392,Dunwoody,-84.33465,33.94621,GA,48733,False
1391,Lewisville,-96.99417,33.04623,TX,104039,False
1410,Southlake,-97.13418,32.94124,TX,29941,False
1414,Rosenberg,-95.80856,29.55718,TX,35510,False
1425,Montgomery,-74.75377,40.47844,NJ,0,False
1388,Gatlinburg,-83.51189,35.71453,TN,4184,False
1386,Ketchum,-114.36366,43.68074,ID,2728,False
1417,Grand Forks,-97.03285,47.92526,ND,57011,False
1428,Olivette,-90.37595,38.66533,MO,7870,False
1416,Lancaster,-76.30551,40.03788,PA,59339,False
1412,Mission,-94.65579,39.02778,KS,9491,False
1394,Conway,-92.4421,35.0887,AR,64980,False
1385,Bartow County,-84.8405,34.23786,GA,100157,False
1403,Warwick,-71.41617,41.7001,RI,81699,False
1384,Tustin,-117.82617,33.74585,CA,80583,False
1418,Cuyahoga County,-81.67786,41.47875,OH,1280122,False
1453,Swarthmore,-75.34991,39.90206,PA,6211,False
1461,Miami Gardens,-80.20255,25.97981,FL,2706,False
148,Jackson,-90.18481,32.29876,MS,170674,False
1479,Pearland,-95.28605,29.56357,TX,108821,False
131,Amarillo,-101.8313,35.222,TX,198645,False
1454,Lawrence,-95.23525,38.97167,KS,93917,False
1438,Nashua,-71.46757,42.76537,NH,87970,False
1470,Lafayette,-92.01984,30.22409,LA,127657,False
1444,South Gate,-118.21202,33.95474,CA,96401,False
1473,Plantation,-80.23184,26.13421,FL,92560,False
1481,Beaverton,-122.80371,45.48706,OR,96577,False
1474,Augusta County,-79.13383,38.16452,VA,73750,False
1452,Marietta,-81.45484,39.41535,OH,13900,False
1434,Washougal,-122.35342,45.58262,WA,15288,False
1463,Wilmington,-75.54659,39.74595,DE,71948,False
1445,Lowell,-71.31617,42.63342,MA,110699,False
1456,Addison,-96.82917,32.96179,TX,15518,False
1447,Spartanburg County,-81.99068,34.93126,SC,284307,False
1478,Dryden,-76.29716,42.49091,NY,2094,False
1467,Aspen,-106.81754,39.1911,CO,6882,False
1437,Midwest City,-97.3967,35.44951,OK,57249,False
1466,Avenal,-120.12903,36.00412,CA,13301,False
1439,Radnor,-75.35991,40.04622,PA,30878,False
1455,Windham,-72.15702,41.69982,CT,23072,False
1468,Lenexa,-94.81635,38.96584,KS,0,False
1460,Oakwood Village,-83.77882,39.96728,OH,0,False
1475,Fraser,-105.81723,39.94499,CO,1213,False
1446,Durham County,-78.87632,36.036,NC,267587,False
403,Silver City,-108.28033,32.77007,NM,10004,False
1443,Niagara Falls,-79.05671,43.0945,NY,48916,False
1435,Lake City,-92.2682,44.44968,MN,5027,False
1458,Pittsfield,-73.24538,42.45008,MA,43303,False
1472,Teton County,-110.58974,43.93476,WY,21294,False
1450,Sun Valley,-114.35172,43.69713,ID,1422,False
1477,Rockville,-77.15276,39.084,MD,66980,False
1471,Edinburg,-98.16334,26.30174,TX,84497,False
1462,Blythe,-114.59635,33.6103,CA,19208,False
1448,Jersey Village,-95.563,29.88772,TX,7900,False
1521,Flower Mound,-97.09696,33.01457,TX,71253,False
1513,Hennepin County,-93.47688,45.00458,MN,1152425,False
1496,Nevada City,-121.01779,39.26173,CA,3152,False
1512,Westlake,-97.19501,32.99124,TX,1264,False
1486,Penitas,-98.44474,26.23063,TX,4715,False
1500,Billings,-108.50069,45.78329,MT,110263,False
1498,Montgomery County,-75.3673,40.21083,PA,799874,False
1525,El Dorado County,-120.52465,38.77874,CA,181058,False
1516,La Crosse,-91.23958,43.80136,WI,52306,False
1511,Summit County,-110.95567,40.86815,UT,36324,False
23,El Paso,-106.48693,31.75872,TX,681124,False
1495,Athens,-82.10126,39.32924,OH,25044,False
1488,Solano County,-121.94001,38.26692,CA,413344,False
1509,Meridian,-88.70366,32.36431,MS,39661,False
1497,Springdale,-94.12881,36.18674,AR,77859,False
1507,Lomita,-118.31507,33.79224,CA,20785,False
1494,Presque Isle,-68.01586,46.68115,ME,9171,False
1522,Frisco,-96.82361,33.15067,TX,154407,False
1526,Carrollton,-96.89028,32.95373,TX,133168,False
1503,Upper Dublin,-75.2174,40.1646,PA,0,False
1504,Coconut Creek,-80.17894,26.25175,FL,59302,False
1487,West Wendover,-114.07335,40.7391,NV,4294,False
1491,Gainesville,-82.32483,29.65163,FL,130128,False
1506,Urbana,-88.20727,40.11059,IL,42311,False
1489,Battle Creek,-85.17816,42.3173,MI,51589,False
1531,Ann Arbor,-83.74088,42.27756,MI,117070,False
1514,Hutto,-97.54667,30.5427,TX,22722,False
1518,Reading,-75.92687,40.33565,PA,87879,False
1492,Lawrence,-71.16311,42.70704,MA,80231,False
1490,Lake Placid,-73.98198,44.27962,NY,2465,False
1551,Bryan,-97.41835,33.09873,TX,0,False
1548,Hattiesburg,-89.29034,31.32712,MS,46805,False
1550,Saint Louis County,-90.44341,38.64068,MO,998954,False
1568,Cathedral City,-116.46529,33.77974,CA,53826,False
1537,Meadows Place,-95.588,29.65134,TX,4759,False
1581,Calistoga,-122.57971,38.5788,CA,5330,False
1564,Moore,-97.4867,35.33951,OK,60451,False
1575,Cass County,-96.14087,40.90972,NE,25241,False
1544,Washtenaw County,-83.83877,42.25323,MI,344791,False
1580,Augusta,-81.97484,33.47097,GA,43459,False
1543,Harlingen,-97.6961,26.19063,TX,65774,False
1585,Maringouin,-91.51955,30.4913,LA,1061,False
1535,Jeffersonville,-85.73718,38.27757,IN,46960,False
1555,King City,-121.12603,36.21274,CA,13902,False
1563,Muskegon,-86.24839,43.23418,MI,38401,False
1542,West Windsor,-74.61905,40.30205,NJ,0,False
1549,Fairbanks,-147.71639,64.83778,AK,32325,False
1571,Wichita Falls,-98.49339,33.91371,TX,104710,False
1583,Windsor,-122.81638,38.54713,CA,27464,False
1584,Greencastle,-86.86473,39.64449,IN,10401,False
1536,Hamilton,-84.56134,39.3995,OH,62407,False
1577,Sierra Madre,-118.05285,34.16167,CA,11163,False
1582,DeWitt,-76.06548,43.03507,NY,0,False
1545,Ancram,-73.63624,42.05065,NY,0,False
1576,Auburn,-70.23117,44.09785,ME,22871,False
1541,McKinney,-96.61527,33.19762,TX,162898,False
1578,Calhoun County,-85.82603,33.77143,AL,118572,False
1572,Pine Bluff,-92.0032,34.22843,AR,44772,False
1566,Hastings,-98.38839,40.58612,NE,24924,False
1552,Amador County,-120.65112,38.44639,CA,38091,False
1558,Garfield Heights,-81.60596,41.417,OH,28097,False
1562,Fortuna,-124.15728,40.59819,CA,12000,False
1569,Missoula County,-113.92371,47.03649,MT,109299,False
1556,Hollister,-121.4016,36.85245,CA,37462,False
1540,Carol Stream,-88.13479,41.91253,IL,40356,False
1570,Longview,-94.74049,32.5007,TX,82287,False
1559,Hudson,-73.79096,42.25286,NY,6436,False
1547,Hempstead,-73.61874,40.70621,NY,55547,False
1538,Passaic County,-74.30032,41.0337,NJ,501226,False
1574,Monroe County,-77.63626,43.16512,NY,744344,False
1561,Dane County,-89.41832,43.06735,WI,488073,False
1554,Canton,-90.03675,32.61264,MS,13676,False
1546,Chamblee,-84.29881,33.89205,GA,28244,False
97,Garland,-94.66938,33.5165,TX,0,False
1595,Cayuga County,-76.57436,43.01033,NY,80026,False
1606,Oakdale,-92.96494,44.96302,MN,28080,False
1629,Montpelier,-72.57539,44.26006,VT,7592,False
1594,Norman,-97.43948,35.22257,OK,120284,False
1592,Paso Robles,-120.691,35.62664,CA,27157,False
1630,Healdsburg,-122.86916,38.61047,CA,11742,False
1627,Bettendorf,-90.51569,41.52448,IA,35505,False
1609,Roanoke County,-80.05085,37.20907,VA,92376,False
1636,Duarte,-117.97729,34.13945,CA,21990,False
1612,Lansing,-84.55553,42.73253,MI,115056,False
1598,Southfield,-83.22187,42.47337,MI,73156,False
1635,Union City,-84.54243,33.58706,GA,20805,False
1622,Alamogordo,-105.96027,32.89953,NM,30753,False
1603,University Park,-87.8973,42.36808,IL,0,False
1611,Ferndale,-83.13465,42.46059,MI,20177,False
1607,Smithville,-97.15943,30.00855,TX,4101,False
1631,Danby,-76.48077,42.3523,NY,0,False
1620,Dayton,-93.51496,45.24385,MN,5096,False
1597,Takoma Park,-77.00748,38.97789,MD,17713,False
1626,Bossier City,-93.73212,32.51599,LA,68094,False
1590,Hillsborough,-79.09973,36.07542,NC,6415,False
1615,Buncombe County,-82.5301,35.61122,NC,238318,False
1614,Cary,-78.78112,35.79154,NC,159769,False
1618,Davis,-121.74052,38.54491,CA,67666,False
1637,Carroll County,-77.02252,39.56286,MD,167134,False
1616,Pittsburg,-121.88468,38.02798,CA,69424,False
1619,Ulster County,-74.25857,41.88815,NY,182493,False
1633,Warrenton,-77.79527,38.71345,VA,9897,False
1587,Alachua County,-82.3577,29.67476,FL,247336,False
1593,Rose Valley,-75.38491,39.89622,PA,949,False
1610,Alexandria,-92.44514,31.31129,LA,47889,False
1648,Texarkana,-94.04769,33.42513,TX,37280,False
1639,Missoula,-113.994,46.87215,MT,71022,False
1645,Somerset County,-74.61631,40.56351,NJ,323444,False
1653,Hartford,-72.68509,41.76371,CT,124006,False
1668,Eureka Springs,-93.73797,36.40118,AR,2083,False
1667,San Juan Bautista,-121.538,36.84551,CA,1961,False
1643,Alton,-90.18428,38.8906,IL,27003,False
1642,Gardena,-118.30896,33.88835,CA,60447,False
1687,Murrieta,-117.21753,33.55003,CA,0,False
1679,Lufkin,-94.7291,31.33824,TX,36333,False
1641,Georgetown,-97.67723,30.63269,TX,63716,False
1656,Montgomery County,-95.50301,30.30021,TX,455746,False
1677,Altavista,-79.28558,37.11181,VA,3474,False
1662,Travis County,-97.78195,30.33469,TX,1024266,False
1686,Boulder,-105.27055,40.01499,CO,107349,False
1665,Lawndale,-118.35257,33.88724,CA,33430,False
1670,Winter Park,-81.33924,28.6,FL,29943,False
1674,Asheville,-82.55402,35.60095,NC,88512,False
1658,Rancho Mirage,-116.41279,33.73974,CA,18083,False
1673,Keene,-72.27814,42.93369,NH,23265,False
1657,Cumberland,-71.43284,41.96677,RI,34843,False
1688,Berks County,-75.926,40.4163,PA,411442,False
1669,Mount Vernon,-95.22133,33.18873,TX,2753,False
1650,Angola,-84.99941,41.63477,IN,8644,False
1663,Duluth,-92.10658,46.78327,MN,86110,False
1672,Vienna,-77.26526,38.90122,VA,16522,False
1675,Saint Helena,-122.47026,38.50519,CA,5814,False
1654,Prairie Village,-97.1381,37.69946,KS,0,False
1666,Hamilton,-75.54462,42.82701,NY,4176,False
1676,Greensburg,-99.29261,37.6028,KS,798,False
1644,Rancho Cordova,-121.30273,38.58907,CA,71017,False
1647,Higginsville,-93.71716,39.07251,MO,4662,False
1664,Plainfield,-88.13532,39.10365,IL,0,False
1739,Sandy Springs,-84.37854,33.92427,GA,105330,False
1712,Ypsilanti,-83.61299,42.24115,MI,19945,False
1711,New Brunswick,-74.45182,40.48622,NJ,57035,False
1734,Shorewood,-93.58912,44.9008,MN,7614,False
1729,Bozeman,-111.03856,45.67965,MT,43405,False
1705,Oak Ridge,-84.26964,36.01036,TN,29302,False
1699,Monte Sereno,-121.99246,37.23633,CA,3556,False
1735,Forest Grove,-123.11066,45.51984,OR,23897,False
1725,Lake Elsinore,-117.32726,33.66808,CA,61981,False
1702,Santa Fe County,-105.97612,35.50686,NM,144170,False
1720,Waterville,-69.63171,44.55201,ME,16261,False
1696,Yellow Springs,-83.88687,39.80645,OH,3793,False
1740,West Chester,-75.60804,39.96097,PA,19842,False
1733,Euless,-97.08195,32.83707,TX,54219,False
1741,Sammamish,-122.0804,47.64177,WA,52253,False
1700,Waterbury,-73.0515,41.55815,CT,108802,False
1716,Springfield,-86.885,36.50921,TN,16808,False
1713,New Paltz,-74.08681,41.74759,NY,7070,False
1717,Livermore,-121.76801,37.68187,CA,88126,False
1736,Monroe County,-83.49426,41.9214,MI,152021,False
1708,East Point,-84.43937,33.67955,GA,35467,False
1727,Creve Coeur,-90.42262,38.66089,MO,18276,False
1738,San Luis Obispo,-120.65962,35.28275,CA,47339,False
1737,Forest Hills,-76.59969,39.88704,PA,0,False
1710,Grapevine,-97.07807,32.93429,TX,51404,False
1715,Frisco,-106.09752,39.57443,CO,3035,False
1697,Springfield,-89.64371,39.80172,IL,116565,False
1726,Decatur,-84.29631,33.77483,GA,21957,False
1707,West Lafayette,-86.90807,40.42587,IN,45550,False
1714,Ashland,-122.70948,42.19458,OR,20861,False
1698,Royal Oak,-83.14465,42.48948,MI,59008,False
1758,Do√å¬±a Ana,-106.8139,32.38954,NM,1211,False
1759,Wilkins Township,-79.82332,40.42579,PA,0,False
1763,Killeen,-97.7278,31.11712,TX,140806,False
1762,Penndel,-74.91656,40.15205,PA,2221,False
1761,Township of London Grove,-75.81554,39.83276,PA,0,False
1743,Roanoke,-79.94143,37.27097,VA,99897,False
1602,Cranberry Township,-80.10714,40.68496,PA,28098,False
1184,Temecula,-117.14114,33.48781,CA,0,False
1746,Greenville,-91.06177,33.41012,MS,32156,False
1482,Halifax,-78.92834,36.76597,VA,1249,False
1756,Heber,-111.41324,40.5069,UT,9198,False
515,The Village of Indian Hill,-84.33517,39.17949,OH,5785,False
1760,Riverside County,-115.99386,33.74368,CA,2189641,False
1693,Dolington,-74.89544,40.26511,PA,0,False
920,Shorewood-Tower Hills-Harbert,-86.61409,41.88169,MI,1344,False
1433,Holland,-86.10893,42.78752,MI,33742,False
731,Skaneateles,-76.4291,42.94701,NY,2474,False
1748,Salt Lake County,-111.92403,40.66758,UT,1029655,False
1742,Brentwood,-90.34928,38.61755,MO,8057,False
1483,Pleasanton,-121.87468,37.66243,CA,79510,False
1232,Augusta,-69.77949,44.31062,ME,18471,False
1380,Rutledge,-75.32852,39.90178,PA,795,False
1749,Breckenridge,-106.03835,39.48165,CO,4896,False
1744,Kirkwood,-90.40678,38.58339,MO,27750,False
1690,Carrboro,-79.07529,35.91014,NC,21156,False
1745,Herndon,-77.3861,38.96955,VA,24568,False
1432,Clermont,-73.82707,42.08509,NY,0,False
1691,Chatham County,-79.25535,35.70258,NC,63505,False
1764,Parsippany,-74.42599,40.85788,NJ,51144,False
1233,Grand Coteau,-92.04651,30.41992,LA,938,False
1765,Westfield,-74.3434,40.6516,NJ,,False
1773,Saipan,145.755833,15.180833,CNMI,48220,True
1074,Dover,-70.87367,43.19786,NH,30880,True
1350,Newport,-71.31283,41.4901,RI,24232,True
1070,Kauai County,-159.70544,22.01108,HI,67091,True
1087,Del Mar,-117.26531,32.95949,CA,4351,True
1532,Tybee Island,-80.84567,32.00022,GA,3102,True
1231,Laplace,-90.48147,30.06698,LA,29872,True
1283,Kenner,-90.24174,29.99409,LA,67091,True
1465,Monroe County,-80.91705,25.55731,FL,73090,True
1348,Riverdale Park,-76.63747,39.41733,MD,0,True
1732,Carver,-70.76254,41.88344,MA,11718,True
1640,Pinole,-122.2333,37.99048,CA,0,True
1116,Fairfield,-73.26373,41.14121,CT,59052,True
1600,Barnstable,-70.29947,41.70011,MA,47821,True
1120,Maplewood,-74.27348,40.73121,NJ,25008,True
12,San Diego,-117.15726,32.71533,CA,1307402,True
264,Pikesville,-76.72247,39.37427,MD,30764,True
1293,Fairfax County,-77.27622,38.83469,VA,1081726,True
1757,P¬Ä¬Åhala,-155.4786,19.20297,HI,1356,True
1768,San Leandro,-122.15611111,37.725,CA,84950,True
1275,Renton,-122.21707,47.48288,WA,100242,True
1280,Island County,-122.66922,48.2082,WA,78506,True
1366,Mount Rainier,-76.96498,38.9415,MD,8475,True
1153,Coronado,-117.18309,32.68589,CA,24812,True
1264,Epping,-71.07423,43.03342,NH,1681,True
1528,Naples,-81.79596,26.14234,FL,21512,True
1527,Pleasantville,-74.52404,39.38984,NJ,20755,True
1164,Gloucester,-70.66199,42.61593,MA,29781,True
1139,Capitola,-121.95329,36.97523,CA,10189,True
1723,Edmonds,-122.37736,47.81065,WA,41375,True
1632,Dennis,-70.19391,41.73539,MA,2407,True
1747,Pasco County,-82.43887,28.30674,FL,464697,True
1201,Larkspur,-122.53525,37.93409,CA,12417,True
1628,National City,-117.0992,32.67811,CA,61060,True
1530,Pinecrest,-82.14564,27.85003,FL,0,True
1346,Acton,-71.43284,42.48509,MA,20897,True
1296,San Carlos,-122.26052,37.50716,CA,29931,True
1131,Port Isabel,-97.20858,26.07341,TX,5016,True
1701,Broward County,-80.45589,26.15186,FL,1748066,True
1553,Clearwater,-82.8001,27.96585,FL,113003,True
1499,League City,-95.09493,29.50745,TX,98312,True
1484,Malden,-71.06616,42.4251,MA,61068,True
1211,Key Biscayne,-80.16282,25.69371,FL,12990,True
1706,Monterey,-121.89468,36.60024,CA,28338,True
1029,Newark,-122.04024,37.52966,CA,45336,True
1051,Scituate,-70.72587,42.19593,MA,5245,True
1122,Branford,-72.8151,41.27954,CT,29438,True
1382,Chatham County,-81.09243,31.97402,GA,265128,True
1102,Belmont,-122.2758,37.52021,CA,27218,True
1181,Snohomish County,-121.72218,48.04602,WA,713335,True
1517,Encinitas,-117.29198,33.03699,CA,62930,True
1091,North Port,-82.23593,27.04422,FL,62345,True
1018,Eatontown,-74.05097,40.29622,NJ,12301,True
1265,Wilton Manors,-80.13893,26.16036,FL,12385,True
1052,Volusia County,-81.14857,29.06345,FL,494593,True
1755,¬â√õ√∑Ewa Gentry,-158.03039,21.33999,HI,22690,True
1501,Newburyport,-70.87728,42.81259,MA,17982,True
1721,Annapolis,-76.49218,38.97845,MD,39474,True
1753,The Bronx,-73.86641,40.84985,NY,1385108,True
1342,Skagit County,-121.80227,48.48215,WA,116901,True
1312,Beverly,-70.88005,42.55843,MA,41186,True
1591,Wellesley,-71.29256,42.29649,MA,27982,True
1684,Coupeville,-122.68628,48.21982,WA,1887,True
1624,Redondo Beach,-118.38841,33.84918,CA,68166,True
1426,Grover Beach,-120.62128,35.12164,CA,13600,True
1310,Everett,-122.20208,47.97898,WA,108010,True
1767,Emeryville,-122.28527778,37.83138889,CA,10080,True
1510,Jefferson County,-123.57431,47.77655,WA,29872,True
1730,Biddeford,-70.45338,43.49258,ME,21282,True
1190,Hilton Head Island,-80.73816,32.19382,SC,40512,True
1115,Portsmouth,-76.29827,36.83543,VA,96201,True
1327,Surfside,-80.1256,25.87843,FL,6024,True
1262,Tiburon,-122.45664,37.87354,CA,9214,True
1623,Somerville,-71.0995,42.3876,MA,80318,True
1142,King County,-121.83583,47.49084,WA,1931249,True
1413,Hamden,-72.89677,41.39593,CT,59847,True
706,Marin City,-122.50914,37.86854,CA,2666,True
1055,Lexington,-71.2245,42.44732,MA,31394,True
1032,Natick,-71.3495,42.28343,MA,32276,True
1652,Gloucester County,-76.52297,37.40121,VA,36858,True
1353,Topsham,-69.97588,43.92758,ME,5931,True
1440,New Hanover County,-77.86561,34.18141,NC,202667,True
1565,Stamford,-73.53873,41.05343,CT,128874,True
1075,Cumberland County,-70.3302,43.80608,ME,281674,True
1441,Coral Gables,-80.26838,25.72149,FL,51117,True
1098,Union City,-122.01913,37.59577,CA,74494,True
1309,Berkeley,-122.27275,37.87159,CA,120972,True
1459,West Palm Beach,-80.05337,26.71534,FL,106779,True
1683,Secaucus,-74.05653,40.78955,NJ,19104,True
1634,Miami-Dade County,-80.49867,25.60897,FL,2496435,True
1560,Redwood City,-122.23635,37.48522,CA,85288,True
1182,Pacific Grove,-121.91662,36.61774,CA,15674,True
1237,Colma,-122.45969,37.67688,CA,1520,True
1041,North Miami,-80.18671,25.89009,FL,62435,True
1126,Port Arthur,-93.94233,29.88519,TX,55340,True
1579,Kearny,-74.14542,40.76843,NJ,42137,True
1155,Sarasota,-82.53065,27.33643,FL,55118,True
1724,Richmond,-122.34775,37.93576,CA,109708,True
1508,Point Arena,-123.69307,38.9088,CA,453,True
1493,Olympia,-122.9007,47.03787,WA,50302,True
1227,El Segundo,-118.41647,33.91918,CA,17037,True
1268,Prince George's County,-76.84729,38.82952,MD,863420,True
1286,New Castle County,-75.63898,39.57833,DE,538479,True
1751,New York City,-74.00597,40.71427,NY,8175133,True
1685,Baltimore County,-76.61632,39.44307,MD,805029,True
1113,Sunrise,-80.1131,26.13397,FL,84439,True
1586,Palm Beach County,-80.43651,26.64757,FL,1320134,True
1601,Galveston,-94.7977,29.30135,TX,50180,True
1297,North Andover,-71.13506,42.6987,MA,28222,True
1617,Hastings-on-Hudson,-73.87875,40.99454,NY,8014,True
1404,Atherton,-122.19774,37.46133,CA,7167,True
1485,Thurston County,-122.83208,46.9295,WA,252264,True
1731,Santa Monica,-118.49119,34.01945,CA,93220,True
1719,Baytown,-94.97743,29.7355,TX,76335,True
1393,Ferndale,-124.26394,40.57624,CA,1369,True
1752,Borough of Queens,-73.83652,40.68149,NY,2272771,True
1094,Key West,-81.78163,24.55524,FL,25755,True
1077,Fort Myers,-81.84059,26.62168,FL,74013,True
1464,"Washington, D.C.",-77.03637,38.89511,DC,601723,True
1010,Alameda,-122.24164,37.76521,CA,78630,True
1016,Portsmouth,-70.76255,43.07176,NH,21530,True
1515,Marin County,-122.74886,38.05518,CA,252409,True
1193,Trinidad,-124.14312,41.05929,CA,357,True
1305,Tuckahoe,-72.41092,40.89899,NY,1373,True
1436,Kirkland,-122.20874,47.68149,WA,87281,True
1722,Rockland County,-74.02409,41.15243,NY,311687,True
1689,Redmond,-122.12151,47.67399,WA,60598,True
1395,Dover,-75.52437,39.15817,DE,37522,True
1159,Salem,-70.89672,42.51954,MA,42869,True
1608,Shoreline,-122.34152,47.75565,WA,55439,True
1421,Weston,-73.38067,41.20093,CT,0,True
1173,Needham,-71.23283,42.28343,MA,28886,True
1589,Sand City,-121.84829,36.61718,CA,381,True
1088,Palo Alto,-122.14302,37.44188,CA,66853,True
1424,San Mateo,-122.35164,37.56438,CA,0,True
1534,Provincetown,-70.1864,42.05295,MA,2642,True
1661,Hawthorne,-118.35257,33.9164,CA,88451,True
1379,Reading,-71.09533,42.52565,MA,24747,True
1671,Marina,-121.80217,36.6844,CA,21229,True
1351,New Bedford,-70.93421,41.63622,MA,94958,True
1191,Largo,-82.78842,27.90979,FL,81000,True
1728,Cambridge,-71.10561,42.3751,MA,110402,True
1692,Huntington,-73.42568,40.86815,NY,18046,True
1076,Treasure Island,-82.76899,27.76919,FL,6887,True
1143,Hull,-70.90782,42.30204,MA,10293,True
1539,Jacinto City,-95.23382,29.76745,TX,10782,True
1174,Hillsborough,-122.37942,37.5741,CA,11451,True
1680,Cumberland Center,-70.25894,43.79647,ME,2499,True
1369,Pinellas County,-82.73955,27.90268,FL,916542,True
1659,Laguna Vista,-97.29025,26.10091,TX,3212,True
1114,Sarasota County,-82.36498,27.18248,FL,379448,True
1519,Ayer,-71.58979,42.5612,MA,2868,True
1476,Dickinson,-95.05132,29.46079,TX,19895,True
1162,Sonoma County,-122.92254,38.52529,CA,483878,True
1105,North Brunswick,-74.482,40.454,NJ,0,True
1383,Anne Arundel County,-76.5676,38.99416,MD,537656,True
1273,Milpitas,-121.30382,36.07135,CA,0,True
1396,Brunswick,-69.96533,43.91452,ME,15175,True
1399,Venice,-82.45426,27.09978,FL,22211,True
1502,North Salem,-73.57124,41.33482,NY,0,True
1573,Bellevue,-122.20068,47.61038,WA,139820,True
1047,Nassau County,-73.58545,40.73217,NY,1339532,True
1718,Maui County,-156.61706,20.86774,HI,154834,True
1033,Boynton Beach,-80.06643,26.52535,FL,73966,True
1400,Menlo Park,-122.18219,37.45383,CA,33449,True
1104,Southampton,-72.38953,40.88427,NY,3265,True
1085,Yorktown,-73.80819,41.29565,NY,0,True
1469,Langley,-122.40626,48.04009,WA,1077,True
1207,Santa Barbara,-119.69819,34.42083,CA,91842,True
1109,Bainbridge Island,-122.52124,47.62621,WA,23840,True
1298,Millbrae,-122.38719,37.59855,CA,22795,True
1567,Mercer Island,-122.22207,47.57065,WA,25042,True
1451,Rolling Hills,-118.35752,33.75739,CA,1893,True
1281,West Warwick,-71.52194,41.69689,RI,30146,True
1150,Deer Park,-95.12382,29.70523,TX,33806,True
1754,Saint Petersburg,-82.67927,27.77086,FL,244769,True
1194,Lake Jackson,-95.43439,29.03386,TX,27533,True
1681,Cutler Bay,-80.3377,25.5783,FL,44865,True
1219,Rio Dell,-122.90722,38.49908,CA,0,True
1246,Morro Bay,-120.8499,35.36581,CA,10639,True
1407,Carmel-by-the-Sea,-121.92329,36.55524,CA,3897,True
1064,Marblehead,-70.85783,42.5001,MA,19808,True
1358,Palos Verdes Estates,-118.39245,33.80105,CA,13682,True
1276,San Joaquin,-117.82033,33.62724,CA,0,True
1152,Chestertown,-76.06661,39.209,MD,5093,True
1359,Burien,-122.34679,47.47038,WA,50467,True
1605,Juneau,-134.41972,58.30194,AK,32756,True
1449,Rancho Palos Verdes,-118.38702,33.74446,CA,42732,True
1524,Mendocino County,-123.43155,39.43362,CA,87841,True
1599,College Park,-76.93692,38.98067,MD,32301,True
1357,Lincoln,-71.30395,42.42593,MA,8197,True
1203,South Miami,-80.29338,25.7076,FL,12242,True
1613,Kodiak,-152.40722,57.79,AK,6253,True
1457,Lake Charles,-93.2044,30.21309,LA,76070,True
1678,Watsonville,-121.75689,36.91023,CA,53628,True
1621,East Hampton,-72.1848,40.96343,NY,1122,True
1533,Vallejo,-122.25664,38.10409,CA,121253,True
1107,Irvine,-117.82311,33.66946,CA,256927,True
1220,Hallandale Beach,-80.14838,25.9812,FL,39488,True
1343,Ventura County,-119.12603,34.35753,CA,823318,True
1361,Manhattan Beach,-118.41091,33.88474,CA,35818,True
1330,Beaufort County,-80.69217,32.35706,SC,162233,True
1138,Benicia,-122.15858,38.04937,CA,28167,True
1625,Elizabeth,-74.2107,40.66399,NJ,129007,True
1099,Humboldt County,-123.91582,40.70501,CA,134623,True
1529,Tukwila,-122.26096,47.47399,WA,20018,True
1133,Albany,-122.29775,37.88687,CA,19735,True
1422,Lake Worth,-80.07231,26.61708,FL,37498,True
1480,Galloway,-74.47598,39.48788,NJ,0,True
1110,Mamaroneck,-73.73263,40.94871,NY,19375,True
1151,Miami Beach,-80.13005,25.79065,FL,92312,True
1651,Foster City,-122.27108,37.55855,CA,33477,True
1096,Deerfield Beach,-80.09977,26.31841,FL,79768,True
1557,Pismo Beach,-120.64128,35.14275,CA,8162,True
1067,Collier County,-81.38097,26.09924,FL,321520,True
1216,Rye,-73.68374,40.98065,NY,16046,True
1066,Eureka,-124.16367,40.80207,CA,27017,True
1132,Del Rey Oaks,-121.83495,36.59329,CA,1688,True
1655,Everett,-71.05366,42.40843,MA,46050,True
1197,Carson,-118.28202,33.83141,CA,93281,True
1596,Concord,-71.34895,42.46037,MA,16810,True
1604,Hudson County,-74.07594,40.73094,NJ,634266,True
941,Callender,-120.59628,35.05303,CA,1262,True
1068,Hampton,-76.34522,37.02987,VA,136454,True
1523,Yarmouth,-70.18672,43.80064,ME,5869,True
1217,Hercules,-122.28858,38.01714,CA,25314,True
1354,Lake Forest Park,-122.28096,47.75676,WA,13243,True
1279,Dania Beach,-80.14393,26.05231,FL,31446,True
1095,Westchester County,-73.75339,41.15148,NY,949113,True
1112,Contra Costa County,-121.95121,37.92342,CA,1049025,True
1090,Atlantic City,-74.42293,39.36428,NJ,39260,True
1769,Charleston,-79.93333333,32.78333333,SC,120083,True
1290,Bridgewater,-70.97504,41.99038,MA,7841,True
1204,White Plains,-73.76291,41.03399,NY,58459,True
1038,Piedmont,-122.23163,37.82437,CA,11376,True
1703,Savannah,-81.09983,32.08354,GA,145674,True
1520,Carpinteria,-119.51846,34.39888,CA,13727,True
1261,Arlington County,-77.10096,38.87862,VA,207627,True
1260,Pompano Beach,-80.12477,26.23786,FL,107762,True
1365,Clallam County,-123.93432,48.11044,WA,71404,True
1750,Falmouth,-70.24199,43.72953,ME,1855,True
1638,James City County,-76.77376,37.31332,VA,67009,True
1054,Garden City,-81.154,32.11437,GA,8999,True
1024,Pierce County,-122.13735,47.03764,WA,795225,True
1660,Suffolk County,-72.68524,40.94046,NY,1493350,True
1259,Bath,-69.8206,43.91064,ME,8305,True
1015,San Luis Obispo County,-120.4522,35.38742,CA,269637,True
1371,American Canyon,-122.2608,38.17492,CA,20554,True
1187,New Rochelle,-73.78235,40.91149,NY,79846,True
1649,Westport,-73.3579,41.14149,CT,26391,True
1431,Solana Beach,-117.27115,32.99115,CA,13449,True
1694,Daly City,-122.46192,37.70577,CA,106562,True
1682,Delray Beach,-80.07282,26.46146,FL,66255,True
1326,Arroyo Grande,-120.59073,35.11859,CA,18108,True
1228,Suffolk,-76.58496,36.72836,VA,88161,True
1695,Santa Cruz County,-122.00979,37.02161,CA,262382,True
1709,Queen Anne's County,-76.08504,39.03763,MD,47798,True
1646,Winchester,-71.137,42.45232,MA,21374,True
1406,York Corner,-70.66616,43.15092,ME,0,True
1307,Portsmouth,-71.25033,41.60232,RI,17756,True
1704,Santa Barbara County,-120.03078,34.53834,CA,423895,True
1772,New Haven,-72.923611,41.31,CT,129779,True
1442,Monmouth County,-74.15815,40.28755,NJ,630380,True
988,Wiscasset,-69.6656,44.00286,ME,1097,True
499,Ben Lomond,-122.08635,37.08911,CA,6234,True
867,Seaside Park,-74.07708,39.92679,NJ,1579,True
355,Elfers,-82.72232,28.21668,FL,13986,True
29,Washington,-77.03637,38.89511,DC,601723,True
333,Bayshore Gardens,-82.59038,27.42532,FL,16323,True
42,Long Beach,-118.18923,33.76696,CA,474140,True
10,Bronx,-73.86641,40.84985,NY,1385108,True
50,Miami,-80.19366,25.77427,FL,441003,True
84,Jersey City,-74.07764,40.72816,NJ,264290,True
85,St. Petersburg,-82.67927,27.77086,FL,257083,True
103,Chesapeake,-76.27494,36.81904,VA,235429,True
106,Jamaica,-73.80569,40.69149,NY,216866,True
107,Fremont,-121.98857,37.54827,CA,232206,True
124,Oxnard,-119.17705,34.1975,CA,197899,True
126,Yonkers,-73.89875,40.93121,NY,201116,True
45,Virginia Beach,-75.97799,36.85293,VA,452745,True
40,Staten Island,-74.13986,40.56233,NY,468730,True
209,Germantown,-77.27165,39.17316,MD,86395,True
180,Valencia,-118.60953,34.44361,CA,148456,True
181,East Hampton,-76.33161,37.03737,VA,147993,True
735,Bolivar Peninsula,-94.57991,29.47829,TX,2417,True
186,Torrance,-118.34063,33.83585,CA,148475,True
188,Bridgeport,-73.20483,41.16704,CT,147629,True
193,Metairie Terrace,-90.16396,29.97854,LA,142489,True
196,Hollywood,-80.14949,26.0112,FL,149728,True
179,Pasadena,-95.2091,29.69106,TX,153784,True
8,Manhattan,-73.96625,40.78343,NY,1487536,True
269,East Haven,-72.86843,41.27621,CT,29257,True
271,Norwood,-71.1995,42.19454,MA,28602,True
245,Teaneck,-74.01597,40.8976,NJ,40078,True
248,Hanover,-76.72414,39.19289,MD,38088,True
249,Jamaica Plain,-71.12033,42.30982,MA,37468,True
250,Belleville,-74.15014,40.79371,NJ,36878,True
252,Clinton,-76.89831,38.76511,MD,35970,True
263,Navarre,-86.86357,30.40159,FL,31378,True
227,West Haven,-72.94705,41.27065,CT,54927,True
224,Brookline,-71.12116,42.33176,MA,58732,True
53,Oakland,-122.2708,37.80437,CA,419267,True
284,South Portland,-70.24088,43.64147,ME,25556,True
287,Boca Del Mar,-80.14671,26.34508,FL,24244,True
291,Ilchester,-76.76469,39.25094,MD,23476,True
296,East Patchogue,-72.99622,40.76704,NY,22469,True
305,Kenmore,-122.24401,47.75732,WA,20460,True
306,Ramona,-116.86808,33.04171,CA,20292,True
308,North Bellmore,-73.53346,40.69149,NY,19941,True
310,Montclair,-77.33971,38.61095,VA,19570,True
277,Cutler Ridge,-80.34672,25.58066,FL,26831,True
321,Cutler,-80.31061,25.6151,FL,18117,True
326,Sudbury,-71.41617,42.38343,MA,17343,True
295,â€˜Ewa Gentry,-158.03039,21.33999,HI,22690,True
16,Jacksonville,-81.65565,30.33218,FL,868031,True
454,Winslow,-69.62116,44.54701,ME,7794,True
274,Mililani Town,-158.00111,21.45,HI,27629,True
344,Adelphi,-76.97192,39.00317,MD,15086,True
345,Aberdeen,-76.16412,39.50956,MD,14959,True
358,Waimalu,-157.94333,21.40472,HI,13730,True
361,River Ridge,-90.21563,29.9602,LA,13494,True
362,Saraland,-88.07056,30.82074,AL,13405,True
459,Sound Beach,-72.96788,40.95621,NY,7612,True
370,Belle Chasse,-89.99063,29.85493,LA,12679,True
371,Palmetto,-82.57232,27.52143,FL,12606,True
372,Bedford,-71.27617,42.49065,MA,12502,True
376,Poquoson,-76.34578,37.12237,VA,12150,True
463,Nantucket,-70.09946,41.28346,MA,7446,True
466,Bay Wood,-73.29123,40.7501,NY,7350,True
363,Riverhead,-72.66204,40.91704,NY,13299,True
2,Los Angeles,-118.24368,34.05223,CA,3971883,True
420,Corte Madera,-122.52748,37.92548,CA,9901,True
414,Brock Hall,-76.76108,38.85011,MD,9552,True
387,Half Moon Bay,-122.42859,37.46355,CA,12657,True
27,Boston,-71.05977,42.35843,MA,667137,True
1,New York,-75.4999,43.00035,NY,19274244,True
402,Newcastle,-122.15568,47.53899,WA,10380,True
14,San Jose,-122.56331,38.06659,CA,0,True
408,Newport,-124.05345,44.63678,OR,9989,True
952,Searsmont,-69.19504,44.36174,ME,1221,True
26,Baltimore,-76.61219,39.29038,MD,621849,True
477,Kingston,-71.52256,41.48038,RI,6974,True
450,Lincoln City,-124.01789,44.95816,OR,7930,True
624,South Vacherie,-90.69981,29.92743,LA,3642,True
28,Seattle,-122.33207,47.60621,WA,684451,True
438,Absecon,-74.49571,39.42845,NJ,8411,True
444,DuPont,-122.63124,47.09676,WA,8199,True
445,Laurel,-82.46158,27.14378,FL,8171,True
501,Cheverly,-76.91581,38.92817,MD,6173,True
638,Dover Base Housing,-75.48393,39.11763,DE,3450,True
506,Las Flores,-118.63592,34.03723,CA,6037,True
509,Yaphank,-72.91705,40.83677,NY,5945,True
539,Wailua Homesteads,-159.37677,22.07244,HI,5188,True
86,Chula Vista,-117.0842,32.64005,CA,265757,True
113,Arlington,-77.10428,38.88101,VA,207627,True
122,Tacoma,-122.44429,47.25288,WA,207948,True
535,Harpswell Center,-69.98421,43.80175,ME,5281,True
540,Layhill,-77.04442,39.09233,MD,5169,True
327,Ruskin,-82.43315,27.72086,FL,17208,True
514,Shady Side,-76.51218,38.84178,MD,5803,True
512,Larchmont,-73.7518,40.92788,NY,6132,True
569,Guerneville,-122.99611,38.50186,CA,4534,True
589,Long Hill,-72.0523,41.35399,CT,4205,True
584,Brisbane,-122.39997,37.68077,CA,4717,True
549,Rockport,-70.62032,42.65565,MA,4966,True
562,Point Pleasant Beach,-74.04791,40.09123,NJ,4665,True
620,Loch Lomond,-77.47804,38.78623,VA,3701,True
622,Marlboro Meadows,-76.71497,38.83622,MD,3672,True
604,Warren,-69.24005,44.12036,ME,3945,True
645,South Duxbury,-70.68281,42.02316,MA,3360,True
616,Bagdad,-87.03223,30.5988,FL,3761,True
599,Ridgeland,-80.98039,32.48074,SC,4036,True
62,Tampa,-82.45843,27.94752,FL,369075,True
681,Mattapoisett Center,-70.8072,41.66595,MA,2915,True
682,North Yelm,-122.6029,46.96315,WA,2906,True
661,Pine Hills,-124.15228,40.73318,CA,3131,True
784,Belvedere,-122.46442,37.8727,CA,2068,True
785,Piru,-118.79398,34.41527,CA,2063,True
787,Fulton,-76.92303,39.15094,MD,2049,True
705,Port Richey,-82.71955,28.27168,FL,2671,True
675,Natalbany,-90.48619,30.54622,LA,2984,True
132,Huntington Beach,-117.99923,33.6603,CA,201899,True
756,Gold Beach,-124.42177,42.40733,OR,2253,True
740,Derwood,-77.16109,39.11733,MD,2381,True
136,Oxnard Shores,-119.2415,34.19084,CA,187235,True
723,Hartley,-121.94691,38.41713,CA,2510,True
140,Newport News,-76.46965,37.08339,VA,182385,True
415,Fort George G Mead Junction,-76.78914,39.12594,MD,9505,True
808,Belle Rose,-91.04149,30.05048,LA,1902,True
464,Independent Hill,-77.43776,38.63595,VA,7419,True
794,Brewster,-70.0828,41.76011,MA,2000,True
812,Thomaston,-69.18171,44.07897,ME,1875,True
762,Mathews,-90.54675,29.68632,LA,2209,True
856,Baiting Hollow,-72.74427,40.95621,NY,1642,True
849,Enfield,-68.56836,45.24894,ME,1680,True
865,Spencerville,-76.97831,39.11427,MD,1594,True
830,Bokeelia,-82.15898,26.70563,FL,1780,True
831,Newport,-69.27394,44.83534,ME,1776,True
826,Oak Cliff Place,-95.62672,29.92712,TX,1800,True
833,Cudjoe Key,-81.49842,24.67153,FL,1763,True
147,Brownsville,-97.49748,25.90175,TX,183887,True
895,Sutton-Alpine,-148.7645,61.77789,AK,1447,True
871,Water Mill,-72.34274,40.91959,NY,1559,True
902,Bourne,-70.59892,41.74122,MA,1418,True
907,Washington,-69.36727,44.27369,ME,1398,True
917,PÄ�hala,-155.4786,19.20297,HI,1356,True
150,East New York,-73.88236,40.66677,NY,173198,True
154,Hollywood,-118.32674,34.09834,CA,167664,True
155,Oceanside,-117.37948,33.19587,CA,175691,True
158,Port Saint Lucie,-80.35033,27.29393,FL,164603,True
962,Burnham,-69.42755,44.69284,ME,1187,True
938,Ogunquit,-70.59922,43.24898,ME,1275,True
967,Iowa Colony,-95.4155,29.48246,TX,1170,True
968,Amagansett,-72.14369,40.97371,NY,1165,True
991,Boothbay Harbor,-69.6281,43.8523,ME,1086,True
5,Queens,-73.83652,40.68149,NY,2272771,True
88,Norfolk,-76.28522,36.84681,VA,242803,True
220,San Clemente,-117.61199,33.42697,CA,63522,True
566,Seagate,-77.84359,34.20934,NC,4590,True
59,New Orleans,-90.07507,29.95465,LA,389617,True
168,Cape Coral,-81.94953,26.56285,FL,175229,True
870,Rocky Point,-122.66848,47.59287,WA,1564,True
77,Newark,-74.17237,40.73566,NJ,277140,True
56,Honolulu,-157.85833,21.30694,HI,371657,True
35,South Boston,-71.04949,42.33343,MA,571281,True
17,San Francisco,-122.41942,37.77493,CA,0,True
223,Santa Cruz,-122.0308,36.97412,CA,64220,True
67,Corpus Christi,-97.39638,27.80058,TX,324074,True
375,South Daytona,-81.0045,29.16582,FL,12252,True
6,Houston,-95.36327,29.76328,TX,2099451,True
336,Easton,-76.07633,38.77428,MD,15945,True
658,Juno Beach,-80.05337,26.87978,FL,3176,True
728,Grand Point,-90.75343,30.06131,LA,2473,True
127,Mobile,-88.04305,30.69436,AL,194288,True
391,East Milton,-87.02163,30.61519,FL,11074,True
656,Delanco,-74.9535,40.05067,NJ,3211,True
4,Brooklyn,-73.94958,40.6501,NY,2300664,True
156,Fort Lauderdale,-80.14338,26.12231,FL,178590,True
329,Aberdeen,-123.81572,46.97537,WA,16896,True
440,Palm Beach,-80.03643,26.70562,FL,8348,True
71,Anchorage,-149.90028,61.21806,AK,298695,True
285,Uniondale,-73.59291,40.70038,NY,24759,True
816,Waimea,-159.66893,21.95707,HI,1855,True
207,Quincy,-71.00227,42.25288,MA,92271,True
875,Bayou Vista,-94.93853,29.32635,TX,1537,True
216,Auburn,-122.22845,47.30732,WA,77006,True
189,Hayward,-122.0808,37.66882,CA,158289,True
197,Sunnyvale,-122.03635,37.36883,CA,151754,True
198,Alexandria,-77.04692,38.80484,VA,153511,True
204,Palm Bay,-80.58866,28.03446,FL,107888,True
510,Walpole,-71.2495,42.14177,MA,5918,True
913,Cushing,-69.23977,44.01925,ME,1374,True
